id,job_key,job_name,company,title,location,category,tag,text
integrated_finance_accounting_solutions_ifas_information_system_security_officer_4334718780__overview__001,integrated_finance_accounting_solutions_ifas_information_system_security_officer_4334718780,Integrated Finance Accounting Solutions Ifas Information System Security Officer,Integrated Finance Accounting Solutions Ifas,Information System Security Officer,,overview,,"Department of State (DoS), Comptroller and Global Financial Services (CGFS), Chief Information Officer, Information Systems Security Office (CGFS/CIO/ISSO) requires the contractor to provide analytical and coordination support in the Information Systems Security Office (ISSO) as a Security Analyst in applying interrelationships of multiple Cybersecurity specialties"
integrated_finance_accounting_solutions_ifas_information_system_security_officer_4334718780__overview__002,integrated_finance_accounting_solutions_ifas_information_system_security_officer_4334718780,Integrated Finance Accounting Solutions Ifas Information System Security Officer,Integrated Finance Accounting Solutions Ifas,Information System Security Officer,,overview,,new IA developments and applications
integrated_finance_accounting_solutions_ifas_information_system_security_officer_4334718780__overview__003,integrated_finance_accounting_solutions_ifas_information_system_security_officer_4334718780,Integrated Finance Accounting Solutions Ifas Information System Security Officer,Integrated Finance Accounting Solutions Ifas,Information System Security Officer,,overview,,emerging technologies and their applications to business processes
integrated_finance_accounting_solutions_ifas_information_system_security_officer_4334718780__overview__004,integrated_finance_accounting_solutions_ifas_information_system_security_officer_4334718780,Integrated Finance Accounting Solutions Ifas Information System Security Officer,Integrated Finance Accounting Solutions Ifas,Information System Security Officer,,overview,,"IT security concepts, standards, and methods"
integrated_finance_accounting_solutions_ifas_information_system_security_officer_4334718780__overview__005,integrated_finance_accounting_solutions_ifas_information_system_security_officer_4334718780,Integrated Finance Accounting Solutions Ifas Information System Security Officer,Integrated Finance Accounting Solutions Ifas,Information System Security Officer,,overview,,project management principles and methods.
integrated_finance_accounting_solutions_ifas_information_system_security_officer_4334718780__requirement__006,integrated_finance_accounting_solutions_ifas_information_system_security_officer_4334718780,Integrated Finance Accounting Solutions Ifas Information System Security Officer,Integrated Finance Accounting Solutions Ifas,Information System Security Officer,,requirement,,"Four-year degree in computer science, business, or closely related area."
integrated_finance_accounting_solutions_ifas_information_system_security_officer_4334718780__requirement__007,integrated_finance_accounting_solutions_ifas_information_system_security_officer_4334718780,Integrated Finance Accounting Solutions Ifas Information System Security Officer,Integrated Finance Accounting Solutions Ifas,Information System Security Officer,,requirement,,"Technical certification in computer systems security and a minimum of 5 years? experience in intrusion detection, vulnerability assessments, and network diagnostics."
integrated_finance_accounting_solutions_ifas_information_system_security_officer_4334718780__requirement__008,integrated_finance_accounting_solutions_ifas_information_system_security_officer_4334718780,Integrated Finance Accounting Solutions Ifas Information System Security Officer,Integrated Finance Accounting Solutions Ifas,Information System Security Officer,,requirement,,Experience with DoS computer security policies and guidelines.
integrated_finance_accounting_solutions_ifas_information_system_security_officer_4334718780__requirement__009,integrated_finance_accounting_solutions_ifas_information_system_security_officer_4334718780,Integrated Finance Accounting Solutions Ifas Information System Security Officer,Integrated Finance Accounting Solutions Ifas,Information System Security Officer,,requirement,,Security+ certification is required
integrated_finance_accounting_solutions_ifas_information_system_security_officer_4334718780__preferred__010,integrated_finance_accounting_solutions_ifas_information_system_security_officer_4334718780,Integrated Finance Accounting Solutions Ifas Information System Security Officer,Integrated Finance Accounting Solutions Ifas,Information System Security Officer,,preferred,,CompTIA+ certification is preferred.
integrated_finance_accounting_solutions_ifas_information_system_security_officer_4334718780__role__011,integrated_finance_accounting_solutions_ifas_information_system_security_officer_4334718780,Integrated Finance Accounting Solutions Ifas Information System Security Officer,Integrated Finance Accounting Solutions Ifas,Information System Security Officer,,role,,CGFS Charleston ISSO Information Assurance and Risk Management Framework (RMF).
integrated_finance_accounting_solutions_ifas_information_system_security_officer_4334718780__role__012,integrated_finance_accounting_solutions_ifas_information_system_security_officer_4334718780,Integrated Finance Accounting Solutions Ifas Information System Security Officer,Integrated Finance Accounting Solutions Ifas,Information System Security Officer,,role,,User creation and conditional email assignment of user and administrative accounts on CGFS General Support Systems.
integrated_finance_accounting_solutions_ifas_information_system_security_officer_4334718780__role__013,integrated_finance_accounting_solutions_ifas_information_system_security_officer_4334718780,Integrated Finance Accounting Solutions Ifas Information System Security Officer,Integrated Finance Accounting Solutions Ifas,Information System Security Officer,,role,,Active role in network and systems design to ensure that appropriate systems security policies and procedures are contemplated and introduced into designs at the outset.
integrated_finance_accounting_solutions_ifas_information_system_security_officer_4334718780__role__014,integrated_finance_accounting_solutions_ifas_information_system_security_officer_4334718780,Integrated Finance Accounting Solutions Ifas Information System Security Officer,Integrated Finance Accounting Solutions Ifas,Information System Security Officer,,role,,"Assess breaches of security to determine their impact on system operations and the confidentiality, integrity, and reliability of the information stored and manipulated within the system."
integrated_finance_accounting_solutions_ifas_information_system_security_officer_4334718780__role__015,integrated_finance_accounting_solutions_ifas_information_system_security_officer_4334718780,Integrated Finance Accounting Solutions Ifas Information System Security Officer,Integrated Finance Accounting Solutions Ifas,Information System Security Officer,,role,,Applies findings to the development of corrective measures and user awareness.
integrated_finance_accounting_solutions_ifas_information_system_security_officer_4334718780__role__016,integrated_finance_accounting_solutions_ifas_information_system_security_officer_4334718780,Integrated Finance Accounting Solutions Ifas Information System Security Officer,Integrated Finance Accounting Solutions Ifas,Information System Security Officer,,role,,Creation and maintenance of users for CGFS Financial Applications.
integrated_finance_accounting_solutions_ifas_information_system_security_officer_4334718780__role__017,integrated_finance_accounting_solutions_ifas_information_system_security_officer_4334718780,Integrated Finance Accounting Solutions Ifas Information System Security Officer,Integrated Finance Accounting Solutions Ifas,Information System Security Officer,,role,,Creation and updating of Treasury Keys for supported applications.
integrated_finance_accounting_solutions_ifas_information_system_security_officer_4334718780__role__018,integrated_finance_accounting_solutions_ifas_information_system_security_officer_4334718780,Integrated Finance Accounting Solutions Ifas Information System Security Officer,Integrated Finance Accounting Solutions Ifas,Information System Security Officer,,role,,Storing and distribution of classified peripheral devices.
integrated_finance_accounting_solutions_ifas_information_system_security_officer_4334718780__role__019,integrated_finance_accounting_solutions_ifas_information_system_security_officer_4334718780,Integrated Finance Accounting Solutions Ifas Information System Security Officer,Integrated Finance Accounting Solutions Ifas,Information System Security Officer,,role,,Creation and maintenance of network drive folder file permissions.
integrated_finance_accounting_solutions_ifas_information_system_security_officer_4334718780__role__020,integrated_finance_accounting_solutions_ifas_information_system_security_officer_4334718780,Integrated Finance Accounting Solutions Ifas Information System Security Officer,Integrated Finance Accounting Solutions Ifas,Information System Security Officer,,role,,Documenting visiting Government and Non-Government visitor?s laptops.
integrated_finance_accounting_solutions_ifas_information_system_security_officer_4334718780__role__021,integrated_finance_accounting_solutions_ifas_information_system_security_officer_4334718780,Integrated Finance Accounting Solutions Ifas Information System Security Officer,Integrated Finance Accounting Solutions Ifas,Information System Security Officer,,role,,Support internal and external access management audits.
integrated_finance_accounting_solutions_ifas_information_system_security_officer_4334718780__requirement__022,integrated_finance_accounting_solutions_ifas_information_system_security_officer_4334718780,Integrated Finance Accounting Solutions Ifas Information System Security Officer,Integrated Finance Accounting Solutions Ifas,Information System Security Officer,,requirement,,"Create and maintain ISO 9001 documentation for engineering and access management efforts Ability to communicate technical as well as non-technical information clearly, both orally and in writing."
integrated_finance_accounting_solutions_ifas_information_system_security_officer_4334718780__role__023,integrated_finance_accounting_solutions_ifas_information_system_security_officer_4334718780,Integrated Finance Accounting Solutions Ifas Information System Security Officer,Integrated Finance Accounting Solutions Ifas,Information System Security Officer,,role,,Brief and maintain documentation for all users on automated information systems (AIS).
integrated_finance_accounting_solutions_ifas_information_system_security_officer_4334718780__role__024,integrated_finance_accounting_solutions_ifas_information_system_security_officer_4334718780,Integrated Finance Accounting Solutions Ifas Information System Security Officer,Integrated Finance Accounting Solutions Ifas,Information System Security Officer,,role,,SharePoint development and maintenance.
integrated_finance_accounting_solutions_ifas_information_system_security_officer_4334718780__role__025,integrated_finance_accounting_solutions_ifas_information_system_security_officer_4334718780,Integrated Finance Accounting Solutions Ifas Information System Security Officer,Integrated Finance Accounting Solutions Ifas,Information System Security Officer,,role,,Provide tier III support for all Information Systems Security.
integrated_finance_accounting_solutions_ifas_information_system_security_officer_4334718780__role__026,integrated_finance_accounting_solutions_ifas_information_system_security_officer_4334718780,Integrated Finance Accounting Solutions Ifas Information System Security Officer,Integrated Finance Accounting Solutions Ifas,Information System Security Officer,,role,,"Create, modify, and delete user accounts on automated information systems."
integrated_finance_accounting_solutions_ifas_information_system_security_officer_4334718780__requirement__027,integrated_finance_accounting_solutions_ifas_information_system_security_officer_4334718780,Integrated Finance Accounting Solutions Ifas Information System Security Officer,Integrated Finance Accounting Solutions Ifas,Information System Security Officer,,requirement,,An understanding of the mission and business functions of the organization.
integrated_finance_accounting_solutions_ifas_information_system_security_officer_4334718780__requirement__028,integrated_finance_accounting_solutions_ifas_information_system_security_officer_4334718780,Integrated Finance Accounting Solutions Ifas Information System Security Officer,Integrated Finance Accounting Solutions Ifas,Information System Security Officer,,requirement,,"An ability to build relationships with key personnel who have authority or ability to ensure compliance with security laws, regulations, guidance, and requirements."
integrated_finance_accounting_solutions_ifas_information_system_security_officer_4334718780__requirement__029,integrated_finance_accounting_solutions_ifas_information_system_security_officer_4334718780,Integrated Finance Accounting Solutions Ifas Information System Security Officer,Integrated Finance Accounting Solutions Ifas,Information System Security Officer,,requirement,,An ability to troubleshoot issues while maintaining appropriate operational security posture.
zotec_partners_security_operations_analyst_i_4399768408__overview__001,zotec_partners_security_operations_analyst_i_4399768408,Zotec Partners Security Operations Analyst I,Zotec Partners,Security Operations Analyst I,,overview,,"But when you build a team like the one we have, that goal can become a reality."
zotec_partners_security_operations_analyst_i_4399768408__overview__002,zotec_partners_security_operations_analyst_i_4399768408,Zotec Partners Security Operations Analyst I,Zotec Partners,Security Operations Analyst I,,overview,,"Over 25 years ago, we started Zotec with a clear vision, to partner with physicians to simplify the business of healthcare."
zotec_partners_security_operations_analyst_i_4399768408__overview__003,zotec_partners_security_operations_analyst_i_4399768408,Zotec Partners Security Operations Analyst I,Zotec Partners,Security Operations Analyst I,,overview,,"serves as an entry-level member of the Security Operations Center (SOC), responsible for performing initial investigations of detections surfaced by Splunk Enterprise Security, CrowdStrike, and Abnormal AI."
zotec_partners_security_operations_analyst_i_4399768408__overview__004,zotec_partners_security_operations_analyst_i_4399768408,Zotec Partners Security Operations Analyst I,Zotec Partners,Security Operations Analyst I,,overview,,"This role focuses on developing foundational monitoring, triage, and documentation skills under the guidance of senior analysts."
zotec_partners_security_operations_analyst_i_4399768408__overview__005,zotec_partners_security_operations_analyst_i_4399768408,Zotec Partners Security Operations Analyst I,Zotec Partners,Security Operations Analyst I,,overview,,"The Analyst I plays a critical role in ensuring detections are accurately categorized, documented, and escalated in accordance with established runbooks and SOC procedures."
zotec_partners_security_operations_analyst_i_4399768408__overview__006,zotec_partners_security_operations_analyst_i_4399768408,Zotec Partners Security Operations Analyst I,Zotec Partners,Security Operations Analyst I,,overview,,Shift handoff dashboards produced by the Analyst I are reviewed by the Analyst II prior to escalation or distribution.
zotec_partners_security_operations_analyst_i_4399768408__role__007,zotec_partners_security_operations_analyst_i_4399768408,Zotec Partners Security Operations Analyst I,Zotec Partners,Security Operations Analyst I,,role,,"Monitor and triage detections from Splunk Enterprise Security, CrowdStrike, and Abnormal AI"
zotec_partners_security_operations_analyst_i_4399768408__role__008,zotec_partners_security_operations_analyst_i_4399768408,Zotec Partners Security Operations Analyst I,Zotec Partners,Security Operations Analyst I,,role,,Execute basic Splunk SPL searches to investigate alerts and retrieve relevant log data
zotec_partners_security_operations_analyst_i_4399768408__role__009,zotec_partners_security_operations_analyst_i_4399768408,Zotec Partners Security Operations Analyst I,Zotec Partners,Security Operations Analyst I,,role,,Read and interpret existing Splunk dashboards to support monitoring and shift situational awareness
zotec_partners_security_operations_analyst_i_4399768408__role__010,zotec_partners_security_operations_analyst_i_4399768408,Zotec Partners Security Operations Analyst I,Zotec Partners,Security Operations Analyst I,,role,,Perform initial investigation of alerts to determine whether a detection represents a Security Event requiring escalation
zotec_partners_security_operations_analyst_i_4399768408__role__011,zotec_partners_security_operations_analyst_i_4399768408,Zotec Partners Security Operations Analyst I,Zotec Partners,Security Operations Analyst I,,role,,Document investigation findings accurately and completely in ClickUp per established case management procedures
zotec_partners_security_operations_analyst_i_4399768408__role__012,zotec_partners_security_operations_analyst_i_4399768408,Zotec Partners Security Operations Analyst I,Zotec Partners,Security Operations Analyst I,,role,,Follow established runbooks for standard detection types and escalation criteria
zotec_partners_security_operations_analyst_i_4399768408__role__013,zotec_partners_security_operations_analyst_i_4399768408,Zotec Partners Security Operations Analyst I,Zotec Partners,Security Operations Analyst I,,role,,Escalate confirmed or suspected Security Events to the Analyst II per defined procedures
zotec_partners_security_operations_analyst_i_4399768408__role__014,zotec_partners_security_operations_analyst_i_4399768408,Zotec Partners Security Operations Analyst I,Zotec Partners,Security Operations Analyst I,,role,,Enrich indicators of compromise (IOCs) using tools such as VirusTotal and AbuseIPDB to support investigation context
zotec_partners_security_operations_analyst_i_4399768408__role__015,zotec_partners_security_operations_analyst_i_4399768408,Zotec Partners Security Operations Analyst I,Zotec Partners,Security Operations Analyst I,,role,,Maintain awareness of current threats and indicators of compromise relevant to the organization’s environment
zotec_partners_security_operations_analyst_i_4399768408__role__016,zotec_partners_security_operations_analyst_i_4399768408,Zotec Partners Security Operations Analyst I,Zotec Partners,Security Operations Analyst I,,role,,Perform initial triage of phishing submissions and Abnormal AI-surfaced email threats
zotec_partners_security_operations_analyst_i_4399768408__role__017,zotec_partners_security_operations_analyst_i_4399768408,Zotec Partners Security Operations Analyst I,Zotec Partners,Security Operations Analyst I,,role,,Review reported emails in the Abnormal console and Splunk to assess malicious indicators
zotec_partners_security_operations_analyst_i_4399768408__role__018,zotec_partners_security_operations_analyst_i_4399768408,Zotec Partners Security Operations Analyst I,Zotec Partners,Security Operations Analyst I,,role,,Document phishing investigation findings in ClickUp and escalate confirmed threats to the Analyst II
zotec_partners_security_operations_analyst_i_4399768408__role__019,zotec_partners_security_operations_analyst_i_4399768408,Zotec Partners Security Operations Analyst I,Zotec Partners,Security Operations Analyst I,,role,,Follow established phishing response runbooks including initial containment actions within authorized scope
zotec_partners_security_operations_analyst_i_4399768408__role__020,zotec_partners_security_operations_analyst_i_4399768408,Zotec Partners Security Operations Analyst I,Zotec Partners,Security Operations Analyst I,,role,,Monitor CrowdStrike detections and alerts for endpoint threats
zotec_partners_security_operations_analyst_i_4399768408__role__021,zotec_partners_security_operations_analyst_i_4399768408,Zotec Partners Security Operations Analyst I,Zotec Partners,Security Operations Analyst I,,role,,document findings and escalate per runbook
zotec_partners_security_operations_analyst_i_4399768408__role__022,zotec_partners_security_operations_analyst_i_4399768408,Zotec Partners Security Operations Analyst I,Zotec Partners,Security Operations Analyst I,,role,,Review Netskope alerts for anomalous web or cloud access activity and escalate as appropriate
zotec_partners_security_operations_analyst_i_4399768408__role__023,zotec_partners_security_operations_analyst_i_4399768408,Zotec Partners Security Operations Analyst I,Zotec Partners,Security Operations Analyst I,,role,,Review CyberArk PAM-sourced events in Splunk for basic privileged account anomalies per defined criteria
zotec_partners_security_operations_analyst_i_4399768408__role__024,zotec_partners_security_operations_analyst_i_4399768408,Zotec Partners Security Operations Analyst I,Zotec Partners,Security Operations Analyst I,,role,,SOAR & Automation
zotec_partners_security_operations_analyst_i_4399768408__role__025,zotec_partners_security_operations_analyst_i_4399768408,Zotec Partners Security Operations Analyst I,Zotec Partners,Security Operations Analyst I,,role,,Execute existing Splunk SOAR playbooks as directed to support investigation and response workflows (in implementation)
zotec_partners_security_operations_analyst_i_4399768408__role__026,zotec_partners_security_operations_analyst_i_4399768408,Zotec Partners Security Operations Analyst I,Zotec Partners,Security Operations Analyst I,,role,,Document playbook execution results in ClickUp and flag any unexpected outputs to the Analyst II
zotec_partners_security_operations_analyst_i_4399768408__role__027,zotec_partners_security_operations_analyst_i_4399768408,Zotec Partners Security Operations Analyst I,Zotec Partners,Security Operations Analyst I,,role,,Produce accurate shift handoff notes and alert summary dashboards in Splunk for Analyst II review
zotec_partners_security_operations_analyst_i_4399768408__role__028,zotec_partners_security_operations_analyst_i_4399768408,Zotec Partners Security Operations Analyst I,Zotec Partners,Security Operations Analyst I,,role,,Contribute to daily SOC reporting by ensuring case notes and investigation status are current in ClickUp
zotec_partners_security_operations_analyst_i_4399768408__role__029,zotec_partners_security_operations_analyst_i_4399768408,Zotec Partners Security Operations Analyst I,Zotec Partners,Security Operations Analyst I,,role,,Identify and communicate false positive patterns to senior analysts to support detection quality improvement
zotec_partners_security_operations_analyst_i_4399768408__role__030,zotec_partners_security_operations_analyst_i_4399768408,Zotec Partners Security Operations Analyst I,Zotec Partners,Security Operations Analyst I,,role,,"Follow all SOC runbooks, standard operating procedures, and escalation workflows"
zotec_partners_security_operations_analyst_i_4399768408__role__031,zotec_partners_security_operations_analyst_i_4399768408,Zotec Partners Security Operations Analyst I,Zotec Partners,Security Operations Analyst I,,role,,Contribute to the knowledge base by documenting novel investigation findings or patterns
zotec_partners_security_operations_analyst_i_4399768408__role__032,zotec_partners_security_operations_analyst_i_4399768408,Zotec Partners Security Operations Analyst I,Zotec Partners,Security Operations Analyst I,,role,,"Participate in team meetings, training sessions, and incident response drills"
zotec_partners_security_operations_analyst_i_4399768408__requirement__033,zotec_partners_security_operations_analyst_i_4399768408,Zotec Partners Security Operations Analyst I,Zotec Partners,Security Operations Analyst I,,requirement,,"0–2 years of experience in information security, IT operations, or a related field"
zotec_partners_security_operations_analyst_i_4399768408__requirement__034,zotec_partners_security_operations_analyst_i_4399768408,Zotec Partners Security Operations Analyst I,Zotec Partners,Security Operations Analyst I,,requirement,,Foundational security concepts including common attack types and threat categories
zotec_partners_security_operations_analyst_i_4399768408__requirement__035,zotec_partners_security_operations_analyst_i_4399768408,Zotec Partners Security Operations Analyst I,Zotec Partners,Security Operations Analyst I,,requirement,,Network protocols and basic infrastructure concepts
zotec_partners_security_operations_analyst_i_4399768408__requirement__036,zotec_partners_security_operations_analyst_i_4399768408,Zotec Partners Security Operations Analyst I,Zotec Partners,Security Operations Analyst I,,requirement,,Windows and Linux operating system fundamentals
zotec_partners_security_operations_analyst_i_4399768408__requirement__037,zotec_partners_security_operations_analyst_i_4399768408,Zotec Partners Security Operations Analyst I,Zotec Partners,Security Operations Analyst I,,requirement,,Log analysis and basic security event correlation
zotec_partners_security_operations_analyst_i_4399768408__requirement__038,zotec_partners_security_operations_analyst_i_4399768408,Zotec Partners Security Operations Analyst I,Zotec Partners,Security Operations Analyst I,,requirement,,SIEM platforms and security monitoring tools
zotec_partners_security_operations_analyst_i_4399768408__requirement__039,zotec_partners_security_operations_analyst_i_4399768408,Zotec Partners Security Operations Analyst I,Zotec Partners,Security Operations Analyst I,,requirement,,Standard incident response procedures
zotec_partners_security_operations_analyst_i_4399768408__preferred__040,zotec_partners_security_operations_analyst_i_4399768408,Zotec Partners Security Operations Analyst I,Zotec Partners,Security Operations Analyst I,,preferred,,"HTB CJCA — Certified Junior Cybersecurity Analyst (entry-level SOC, SIEM monitoring, network traffic analysis, log review, intrusion detection)"
zotec_partners_security_operations_analyst_i_4399768408__preferred__041,zotec_partners_security_operations_analyst_i_4399768408,Zotec Partners Security Operations Analyst I,Zotec Partners,Security Operations Analyst I,,preferred,,SSCP or GCIA
zotec_partners_security_operations_analyst_i_4399768408__preferred__042,zotec_partners_security_operations_analyst_i_4399768408,Zotec Partners Security Operations Analyst I,Zotec Partners,Security Operations Analyst I,,preferred,,"Hands-on exposure to Splunk (basic searches, alert review, dashboard navigation)"
zotec_partners_security_operations_analyst_i_4399768408__requirement__043,zotec_partners_security_operations_analyst_i_4399768408,Zotec Partners Security Operations Analyst I,Zotec Partners,Security Operations Analyst I,,requirement,,Familiarity with CrowdStrike Falcon console
zotec_partners_security_operations_analyst_i_4399768408__preferred__044,zotec_partners_security_operations_analyst_i_4399768408,Zotec Partners Security Operations Analyst I,Zotec Partners,Security Operations Analyst I,,preferred,,"Basic scripting exposure (Python, PowerShell, or Bash)"
zotec_partners_security_operations_analyst_i_4399768408__requirement__045,zotec_partners_security_operations_analyst_i_4399768408,Zotec Partners Security Operations Analyst I,Zotec Partners,Security Operations Analyst I,,requirement,,"Bachelor’s degree in Computer Science, Cybersecurity, or related field, or equivalent experience"
acrisure_cyber_services_security_analyst_4383131143__overview__001,acrisure_cyber_services_security_analyst_4383131143,Acrisure Cyber Services Security Analyst,Acrisure Cyber Services,Security Analyst,,overview,,"Beyond our growth, our dedication to client service, as fueled by our business model and culture, means that Acrisure’s opportunity is to be the most relevant and successful, privately held insurance broker in the industry."
acrisure_cyber_services_security_analyst_4383131143__overview__002,acrisure_cyber_services_security_analyst_4383131143,Acrisure Cyber Services Security Analyst,Acrisure Cyber Services,Security Analyst,,overview,,Our model is unique.
acrisure_cyber_services_security_analyst_4383131143__overview__003,acrisure_cyber_services_security_analyst_4383131143,Acrisure Cyber Services Security Analyst,Acrisure Cyber Services,Security Analyst,,overview,,"Through a network of agency partners that provide local service with global reach, we work in service of two core objectives: create value, and be a good partner."
acrisure_cyber_services_security_analyst_4383131143__overview__004,acrisure_cyber_services_security_analyst_4383131143,Acrisure Cyber Services Security Analyst,Acrisure Cyber Services,Security Analyst,,overview,,"To achieve our opportunity, a best-in-class Information Security must support us."
acrisure_cyber_services_security_analyst_4383131143__role__005,acrisure_cyber_services_security_analyst_4383131143,Acrisure Cyber Services Security Analyst,Acrisure Cyber Services,Security Analyst,,role,,"Respond to security alerts and incidents in client environments relating to Email, Cloud and Endpoint Security."
acrisure_cyber_services_security_analyst_4383131143__role__006,acrisure_cyber_services_security_analyst_4383131143,Acrisure Cyber Services Security Analyst,Acrisure Cyber Services,Security Analyst,,role,,"Conduct investigations of security incidents and anomalies to determine the scope, impact, and root causes."
acrisure_cyber_services_security_analyst_4383131143__role__007,acrisure_cyber_services_security_analyst_4383131143,Acrisure Cyber Services Security Analyst,Acrisure Cyber Services,Security Analyst,,role,,"Collaborate with the Security Operations team to assess the urgency of each alert, as necessary."
acrisure_cyber_services_security_analyst_4383131143__role__008,acrisure_cyber_services_security_analyst_4383131143,Acrisure Cyber Services Security Analyst,Acrisure Cyber Services,Security Analyst,,role,,"Perform incident response activities, including containment, eradication, and recovery, to minimize the impact of security incidents."
acrisure_cyber_services_security_analyst_4383131143__role__009,acrisure_cyber_services_security_analyst_4383131143,Acrisure Cyber Services Security Analyst,Acrisure Cyber Services,Security Analyst,,role,,Document all actions taken during incident response process for future analysis and improvement.
acrisure_cyber_services_security_analyst_4383131143__role__010,acrisure_cyber_services_security_analyst_4383131143,Acrisure Cyber Services Security Analyst,Acrisure Cyber Services,Security Analyst,,role,,"Coordinate with clients during the incident response process, keeping them informed about the progress and involving them in decision-making."
acrisure_cyber_services_security_analyst_4383131143__role__011,acrisure_cyber_services_security_analyst_4383131143,Acrisure Cyber Services Security Analyst,Acrisure Cyber Services,Security Analyst,,role,,"Serve as a point of contact for client support requests related to security incidents, platform usage and break/fix issues, promptly addressing and resolving technical issues or escalating them to the appropriate teams."
acrisure_cyber_services_security_analyst_4383131143__role__012,acrisure_cyber_services_security_analyst_4383131143,Acrisure Cyber Services Security Analyst,Acrisure Cyber Services,Security Analyst,,role,,"Collaborate with internal teams, including sales, operations, and support to resolve customer issues, feature requests, and improvement opportunities."
acrisure_cyber_services_security_analyst_4383131143__role__013,acrisure_cyber_services_security_analyst_4383131143,Acrisure Cyber Services Security Analyst,Acrisure Cyber Services,Security Analyst,,role,,"Stay up to date with industry trends, emerging technologies, and competitive offerings to provide valuable insights to the sales team."
acrisure_cyber_services_security_analyst_4383131143__role__014,acrisure_cyber_services_security_analyst_4383131143,Acrisure Cyber Services Security Analyst,Acrisure Cyber Services,Security Analyst,,role,,This description is not meant to be all-inclusive and may be modified from time to time at the discretion of management.
acrisure_cyber_services_security_analyst_4383131143__requirement__015,acrisure_cyber_services_security_analyst_4383131143,Acrisure Cyber Services Security Analyst,Acrisure Cyber Services,Security Analyst,,requirement,,"To perform this job successfully, an individual must be able to perform each essential duty satisfactorily."
acrisure_cyber_services_security_analyst_4383131143__requirement__016,acrisure_cyber_services_security_analyst_4383131143,Acrisure Cyber Services Security Analyst,Acrisure Cyber Services,Security Analyst,,requirement,,"The requirements listed below are representative of the knowledge, skill, and/or ability required."
acrisure_cyber_services_security_analyst_4383131143__requirement__017,acrisure_cyber_services_security_analyst_4383131143,Acrisure Cyber Services Security Analyst,Acrisure Cyber Services,Security Analyst,,requirement,,"Bachelor's degree in Computer Science, Information Technology, or a related field OR equivalent work experience"
acrisure_cyber_services_security_analyst_4383131143__requirement__018,acrisure_cyber_services_security_analyst_4383131143,Acrisure Cyber Services Security Analyst,Acrisure Cyber Services,Security Analyst,,requirement,,"Thorough understanding of IT infrastructure technologies, including hardware, software, networking, and cloud services."
acrisure_cyber_services_security_analyst_4383131143__requirement__019,acrisure_cyber_services_security_analyst_4383131143,Acrisure Cyber Services Security Analyst,Acrisure Cyber Services,Security Analyst,,requirement,,Demonstrated expertise in how various platforms and technologies integrate to create comprehensive solutions.
acrisure_cyber_services_security_analyst_4383131143__requirement__020,acrisure_cyber_services_security_analyst_4383131143,Acrisure Cyber Services Security Analyst,Acrisure Cyber Services,Security Analyst,,requirement,,"Excellent communication and interpersonal skills, with the ability to build rapport with clients and understand their business needs."
acrisure_cyber_services_security_analyst_4383131143__requirement__021,acrisure_cyber_services_security_analyst_4383131143,Acrisure Cyber Services Security Analyst,Acrisure Cyber Services,Security Analyst,,requirement,,"Ability to understand, interpret, and apply common security standards and frameworks such as NIST, 800-53, CIS, SOX, and ISO-27001."
acrisure_cyber_services_security_analyst_4383131143__requirement__022,acrisure_cyber_services_security_analyst_4383131143,Acrisure Cyber Services Security Analyst,Acrisure Cyber Services,Security Analyst,,requirement,,"Experience with security technologies including, SentinelOne, Abnormal Security, Microsoft, Rapid7 IDR, Rapid7 IVM, Wizer, KnowBe4, etc"
acrisure_cyber_services_security_analyst_4383131143__requirement__023,acrisure_cyber_services_security_analyst_4383131143,Acrisure Cyber Services Security Analyst,Acrisure Cyber Services,Security Analyst,,requirement,,"Solid understanding of major operating systems (Windows, Mac, Linux)"
acrisure_cyber_services_security_analyst_4383131143__requirement__024,acrisure_cyber_services_security_analyst_4383131143,Acrisure Cyber Services Security Analyst,Acrisure Cyber Services,Security Analyst,,requirement,,"Experience with IT infrastructure, networking, and software solutions."
acrisure_cyber_services_security_analyst_4383131143__requirement__025,acrisure_cyber_services_security_analyst_4383131143,Acrisure Cyber Services Security Analyst,Acrisure Cyber Services,Security Analyst,,requirement,,Able to work independently and enjoy a high degree of interaction with team members and clients
acrisure_cyber_services_security_analyst_4383131143__requirement__026,acrisure_cyber_services_security_analyst_4383131143,Acrisure Cyber Services Security Analyst,Acrisure Cyber Services,Security Analyst,,requirement,,"Knowledge of cybersecurity principles, best practices, and tools."
acrisure_cyber_services_security_analyst_4383131143__requirement__027,acrisure_cyber_services_security_analyst_4383131143,Acrisure Cyber Services Security Analyst,Acrisure Cyber Services,Security Analyst,,requirement,,Proven problem-solving skills and the ability to think creatively in a fast-paced environment.
acrisure_cyber_services_security_analyst_4383131143__requirement__028,acrisure_cyber_services_security_analyst_4383131143,Acrisure Cyber Services Security Analyst,Acrisure Cyber Services,Security Analyst,,requirement,,"Ability to contribute to a collaborative environment by consistently demonstrating teamwork, high motivation, positive behavior and effort to achieve goals and objectives"
acrisure_cyber_services_security_analyst_4383131143__requirement__029,acrisure_cyber_services_security_analyst_4383131143,Acrisure Cyber Services Security Analyst,Acrisure Cyber Services,Security Analyst,,requirement,,Maintain a sense of urgency and ability to work with and meet deadlines
acrisure_cyber_services_security_analyst_4383131143__requirement__030,acrisure_cyber_services_security_analyst_4383131143,Acrisure Cyber Services Security Analyst,Acrisure Cyber Services,Security Analyst,,requirement,,"Demonstrate effective written and verbal communication, including the ability actively listen, and problem solve with minimal assistance"
acrisure_cyber_services_security_analyst_4383131143__requirement__031,acrisure_cyber_services_security_analyst_4383131143,Acrisure Cyber Services Security Analyst,Acrisure Cyber Services,Security Analyst,,requirement,,Demonstrates excellent time management and prioritization skills
acrisure_cyber_services_security_analyst_4383131143__requirement__032,acrisure_cyber_services_security_analyst_4383131143,Acrisure Cyber Services Security Analyst,Acrisure Cyber Services,Security Analyst,,requirement,,Attention to detail and commitment to a high level of accuracy
acrisure_cyber_services_security_analyst_4383131143__requirement__033,acrisure_cyber_services_security_analyst_4383131143,Acrisure Cyber Services Security Analyst,Acrisure Cyber Services,Security Analyst,,requirement,,"The ability to multi task, prioritize, work independently, and use discretion surrounding sensitive information"
vallarta_supermarkets_security_analyst_i_4400776468__overview__001,vallarta_supermarkets_security_analyst_i_4400776468,Vallarta Supermarkets Security Analyst I,Vallarta Supermarkets,Security Analyst I,,overview,,Vallarta Supermarkets is a proud family-founded grocery chain rooted in authentic Mexican heritage and vibrant Latin culture.
vallarta_supermarkets_security_analyst_i_4400776468__overview__002,vallarta_supermarkets_security_analyst_i_4400776468,Vallarta Supermarkets Security Analyst I,Vallarta Supermarkets,Security Analyst I,,overview,,"What began as a single neighborhood market has grown into one of the fastest-growing supermarket chains in California, bringing fresh foods, traditional flavors, and warm hospitality to the communities we serve."
vallarta_supermarkets_security_analyst_i_4400776468__overview__003,vallarta_supermarkets_security_analyst_i_4400776468,Vallarta Supermarkets Security Analyst I,Vallarta Supermarkets,Security Analyst I,,overview,,"As we continue our rapid expansion, we remain committed to celebrating culture, creating opportunity, and treating every customer and"
vallarta_supermarkets_security_analyst_i_4400776468__overview__004,vallarta_supermarkets_security_analyst_i_4400776468,Vallarta Supermarkets Security Analyst I,Vallarta Supermarkets,Security Analyst I,,overview,,"Vallarta Supermarkets is seeking a hands‑on IT Security Analyst to help protect and strengthen the security of our enterprise IT environment, spanning corporate offices, retail locations, and supporting infrastructure."
vallarta_supermarkets_security_analyst_i_4400776468__overview__005,vallarta_supermarkets_security_analyst_i_4400776468,Vallarta Supermarkets Security Analyst I,Vallarta Supermarkets,Security Analyst I,,overview,,"This role is embedded within IT Operations and works closely with infrastructure and systems teams to detect, respond to, and prevent security threats affecting business‑critical systems."
vallarta_supermarkets_security_analyst_i_4400776468__overview__006,vallarta_supermarkets_security_analyst_i_4400776468,Vallarta Supermarkets Security Analyst I,Vallarta Supermarkets,Security Analyst I,,overview,,"The ideal candidate will bring strong technical expertise, sound judgment under pressure, and a passion for protecting systems, sensitive data, and users from evolving cyber risks."
vallarta_supermarkets_security_analyst_i_4400776468__overview__007,vallarta_supermarkets_security_analyst_i_4400776468,Vallarta Supermarkets Security Analyst I,Vallarta Supermarkets,Security Analyst I,,overview,,This role plays a critical part in safeguarding business continuity across our retail operations.
vallarta_supermarkets_security_analyst_i_4400776468__role__008,vallarta_supermarkets_security_analyst_i_4400776468,Vallarta Supermarkets Security Analyst I,Vallarta Supermarkets,Security Analyst I,,role,,Monitoring and responding to security incidents
vallarta_supermarkets_security_analyst_i_4400776468__role__009,vallarta_supermarkets_security_analyst_i_4400776468,Vallarta Supermarkets Security Analyst I,Vallarta Supermarkets,Security Analyst I,,role,,Managing and optimizing tools such as SIEM and XDR solutions
vallarta_supermarkets_security_analyst_i_4400776468__role__010,vallarta_supermarkets_security_analyst_i_4400776468,Vallarta Supermarkets Security Analyst I,Vallarta Supermarkets,Security Analyst I,,role,,Improving visibility across enterprise environments
vallarta_supermarkets_security_analyst_i_4400776468__role__011,vallarta_supermarkets_security_analyst_i_4400776468,Vallarta Supermarkets Security Analyst I,Vallarta Supermarkets,Security Analyst I,,role,,Maintaining and enhancing security controls
vallarta_supermarkets_security_analyst_i_4400776468__role__012,vallarta_supermarkets_security_analyst_i_4400776468,Vallarta Supermarkets Security Analyst I,Vallarta Supermarkets,Security Analyst I,,role,,Identifying and closing security gaps
vallarta_supermarkets_security_analyst_i_4400776468__role__013,vallarta_supermarkets_security_analyst_i_4400776468,Vallarta Supermarkets Security Analyst I,Vallarta Supermarkets,Security Analyst I,,role,,"This position requires initiative, strong technical judgment, attention to detail, and ownership of both investigations and security tooling, along with consistent follow-through and high-quality documentation practices."
vallarta_supermarkets_security_analyst_i_4400776468__role__014,vallarta_supermarkets_security_analyst_i_4400776468,Vallarta Supermarkets Security Analyst I,Vallarta Supermarkets,Security Analyst I,,role,,"Monitor, analyze, and respond to security alerts and events across endpoint, network, identity, and infrastructure security controls."
vallarta_supermarkets_security_analyst_i_4400776468__role__015,vallarta_supermarkets_security_analyst_i_4400776468,Vallarta Supermarkets Security Analyst I,Vallarta Supermarkets,Security Analyst I,,role,,"Investigate suspected security incidents, determine scope and impact, perform root‑cause analysis, and coordinate remediation activities with IT and infrastructure teams."
vallarta_supermarkets_security_analyst_i_4400776468__role__016,vallarta_supermarkets_security_analyst_i_4400776468,Vallarta Supermarkets Security Analyst I,Vallarta Supermarkets,Security Analyst I,,role,,"Own the documentation of incidents, investigations, findings, and remediation actions, ensuring records are accurate, complete, and suitable for operational review and audit purposes."
vallarta_supermarkets_security_analyst_i_4400776468__role__017,vallarta_supermarkets_security_analyst_i_4400776468,Vallarta Supermarkets Security Analyst I,Vallarta Supermarkets,Security Analyst I,,role,,"Assist with the evaluation, deployment, configuration, and ongoing operation of security monitoring, logging, and detection capabilities to improve visibility across on‑premises and cloud‑connected systems."
vallarta_supermarkets_security_analyst_i_4400776468__role__018,vallarta_supermarkets_security_analyst_i_4400776468,Vallarta Supermarkets Security Analyst I,Vallarta Supermarkets,Security Analyst I,,role,,"Perform proactive threat‑hunting and security reviews to identify suspicious behavior, misconfigurations, or control gaps within Windows systems, directory services, endpoints, networks, and virtualization platforms."
vallarta_supermarkets_security_analyst_i_4400776468__role__019,vallarta_supermarkets_security_analyst_i_4400776468,Vallarta Supermarkets Security Analyst I,Vallarta Supermarkets,Security Analyst I,,role,,"Conduct vulnerability assessments, track remediation efforts, and verify the effectiveness of corrective actions."
vallarta_supermarkets_security_analyst_i_4400776468__role__020,vallarta_supermarkets_security_analyst_i_4400776468,Vallarta Supermarkets Security Analyst I,Vallarta Supermarkets,Security Analyst I,,role,,"Configure, maintain, and tune security technologies such as firewalls, endpoint protection, network detection tools, and email or messaging security controls."
vallarta_supermarkets_security_analyst_i_4400776468__role__021,vallarta_supermarkets_security_analyst_i_4400776468,Vallarta Supermarkets Security Analyst I,Vallarta Supermarkets,Security Analyst I,,role,,"Support identity and access management processes, including access reviews, privilege management, and secure account lifecycle practices."
vallarta_supermarkets_security_analyst_i_4400776468__role__022,vallarta_supermarkets_security_analyst_i_4400776468,Vallarta Supermarkets Security Analyst I,Vallarta Supermarkets,Security Analyst I,,role,,"Participate in system hardening, patch management, and baseline security improvement initiatives in coordination with infrastructure operations."
vallarta_supermarkets_security_analyst_i_4400776468__role__023,vallarta_supermarkets_security_analyst_i_4400776468,Vallarta Supermarkets Security Analyst I,Vallarta Supermarkets,Security Analyst I,,role,,"Contribute to the development, maintenance, and improvement of security policies, standards, procedures, and operational runbooks."
vallarta_supermarkets_security_analyst_i_4400776468__role__024,vallarta_supermarkets_security_analyst_i_4400776468,Vallarta Supermarkets Security Analyst I,Vallarta Supermarkets,Security Analyst I,,role,,"Support audits and compliance initiatives (e.g., ISO 27001, NIST, SOC 2, PCI-DSS)."
vallarta_supermarkets_security_analyst_i_4400776468__role__025,vallarta_supermarkets_security_analyst_i_4400776468,Vallarta Supermarkets Security Analyst I,Vallarta Supermarkets,Security Analyst I,,role,,Participate in security awareness training and phishing simulation campaigns.
vallarta_supermarkets_security_analyst_i_4400776468__role__026,vallarta_supermarkets_security_analyst_i_4400776468,Vallarta Supermarkets Security Analyst I,Vallarta Supermarkets,Security Analyst I,,role,,Support security awareness initiatives and provide guidance to IT staff and employees on secure technology usage and incident reporting.
vallarta_supermarkets_security_analyst_i_4400776468__role__027,vallarta_supermarkets_security_analyst_i_4400776468,Vallarta Supermarkets Security Analyst I,Vallarta Supermarkets,Security Analyst I,,role,,Participate in security incident response activities outside of normal business hours as needed to support timely investigation and containment of security events.
vallarta_supermarkets_security_analyst_i_4400776468__requirement__028,vallarta_supermarkets_security_analyst_i_4400776468,Vallarta Supermarkets Security Analyst I,Vallarta Supermarkets,Security Analyst I,,requirement,,"2-4 years of hands‑on experience in IT security, infrastructure operations, or a closely related technical role."
vallarta_supermarkets_security_analyst_i_4400776468__requirement__029,vallarta_supermarkets_security_analyst_i_4400776468,Vallarta Supermarkets Security Analyst I,Vallarta Supermarkets,Security Analyst I,,requirement,,"Solid understanding of Windows operating systems, directory services, networking fundamentals, and common enterprise attack techniques."
vallarta_supermarkets_security_analyst_i_4400776468__requirement__030,vallarta_supermarkets_security_analyst_i_4400776468,Vallarta Supermarkets Security Analyst I,Vallarta Supermarkets,Security Analyst I,,requirement,,Experience investigating security incidents or operational issues and following them through to resolution.
vallarta_supermarkets_security_analyst_i_4400776468__requirement__031,vallarta_supermarkets_security_analyst_i_4400776468,Vallarta Supermarkets Security Analyst I,Vallarta Supermarkets,Security Analyst I,,requirement,,"Familiarity with endpoint, network, identity, and infrastructure security controls in an enterprise environment."
vallarta_supermarkets_security_analyst_i_4400776468__requirement__032,vallarta_supermarkets_security_analyst_i_4400776468,Vallarta Supermarkets Security Analyst I,Vallarta Supermarkets,Security Analyst I,,requirement,,Demonstrated ability to analyze information from multiple data sources and make sound decisions under time pressure.
vallarta_supermarkets_security_analyst_i_4400776468__requirement__033,vallarta_supermarkets_security_analyst_i_4400776468,Vallarta Supermarkets Security Analyst I,Vallarta Supermarkets,Security Analyst I,,requirement,,"Proven habit of producing clear, accurate technical documentation and maintaining investigation or change records as part of daily work."
vallarta_supermarkets_security_analyst_i_4400776468__requirement__034,vallarta_supermarkets_security_analyst_i_4400776468,Vallarta Supermarkets Security Analyst I,Vallarta Supermarkets,Security Analyst I,,requirement,,"Strong written and verbal communication skills, with the ability to explain technical findings to both technical and non‑technical audiences."
vallarta_supermarkets_security_analyst_i_4400776468__requirement__035,vallarta_supermarkets_security_analyst_i_4400776468,Vallarta Supermarkets Security Analyst I,Vallarta Supermarkets,Security Analyst I,,requirement,,"Experience deploying, configuring, managing and operating SIEM, XDR and similar IT security tools and solutions."
vallarta_supermarkets_security_analyst_i_4400776468__requirement__036,vallarta_supermarkets_security_analyst_i_4400776468,Vallarta Supermarkets Security Analyst I,Vallarta Supermarkets,Security Analyst I,,requirement,,"Exposure to vulnerability management, system hardening, or baseline security frameworks."
vallarta_supermarkets_security_analyst_i_4400776468__requirement__037,vallarta_supermarkets_security_analyst_i_4400776468,Vallarta Supermarkets Security Analyst I,Vallarta Supermarkets,Security Analyst I,,requirement,,"Scripting or automation experience (e.g., PowerShell or similar) to support investigation, data collection, or operational efficiency."
vallarta_supermarkets_security_analyst_i_4400776468__requirement__038,vallarta_supermarkets_security_analyst_i_4400776468,Vallarta Supermarkets Security Analyst I,Vallarta Supermarkets,Security Analyst I,,requirement,,"Familiarity with retail, distributed, or multi‑site IT environments."
vallarta_supermarkets_security_analyst_i_4400776468__requirement__039,vallarta_supermarkets_security_analyst_i_4400776468,Vallarta Supermarkets Security Analyst I,Vallarta Supermarkets,Security Analyst I,,requirement,,"Industry certifications such as Security+, CySA+, GSEC, or equivalent practical experience."
vallarta_supermarkets_security_analyst_i_4400776468__requirement__040,vallarta_supermarkets_security_analyst_i_4400776468,Vallarta Supermarkets Security Analyst I,Vallarta Supermarkets,Security Analyst I,,requirement,,Strong sense of ownership and accountability for assigned security investigations and improvement initiatives.
vallarta_supermarkets_security_analyst_i_4400776468__requirement__041,vallarta_supermarkets_security_analyst_i_4400776468,Vallarta Supermarkets Security Analyst I,Vallarta Supermarkets,Security Analyst I,,requirement,,Attention to detail and commitment to accuracy in both technical work and documentation.
vallarta_supermarkets_security_analyst_i_4400776468__requirement__042,vallarta_supermarkets_security_analyst_i_4400776468,Vallarta Supermarkets Security Analyst I,Vallarta Supermarkets,Security Analyst I,,requirement,,Ability to work effectively in environments with competing priorities and limited structure.
vallarta_supermarkets_security_analyst_i_4400776468__requirement__043,vallarta_supermarkets_security_analyst_i_4400776468,Vallarta Supermarkets Security Analyst I,Vallarta Supermarkets,Security Analyst I,,requirement,,"Willingness to accept feedback, adjust approaches, and continuously improve technical and operational practices."
vallarta_supermarkets_security_analyst_i_4400776468__requirement__044,vallarta_supermarkets_security_analyst_i_4400776468,Vallarta Supermarkets Security Analyst I,Vallarta Supermarkets,Security Analyst I,,requirement,,"Collaborative mindset when working with infrastructure, operations, and leadership teams."
vallarta_supermarkets_security_analyst_i_4400776468__requirement__045,vallarta_supermarkets_security_analyst_i_4400776468,Vallarta Supermarkets Security Analyst I,Vallarta Supermarkets,Security Analyst I,,requirement,,"The Security Analyst must effectively communicate complex security concepts, risks, and mitigation strategies to diverse audiences, including corporate leadership, retail operations teams, store personnel, IT staff, vendors, and external partners."
vallarta_supermarkets_security_analyst_i_4400776468__requirement__046,vallarta_supermarkets_security_analyst_i_4400776468,Vallarta Supermarkets Security Analyst I,Vallarta Supermarkets,Security Analyst I,,requirement,,"Translate technical findings into clear, actionable business language"
vallarta_supermarkets_security_analyst_i_4400776468__requirement__047,vallarta_supermarkets_security_analyst_i_4400776468,Vallarta Supermarkets Security Analyst I,Vallarta Supermarkets,Security Analyst I,,requirement,,"Communicate risks, incidents, and remediation steps to non-technical stakeholders"
vallarta_supermarkets_security_analyst_i_4400776468__requirement__048,vallarta_supermarkets_security_analyst_i_4400776468,Vallarta Supermarkets Security Analyst I,Vallarta Supermarkets,Security Analyst I,,requirement,,"Prepare reports, incident documentation, and executive summaries"
vallarta_supermarkets_security_analyst_i_4400776468__requirement__049,vallarta_supermarkets_security_analyst_i_4400776468,Vallarta Supermarkets Security Analyst I,Vallarta Supermarkets,Security Analyst I,,requirement,,"Deliver presentations, training sessions, and awareness briefings"
vallarta_supermarkets_security_analyst_i_4400776468__requirement__050,vallarta_supermarkets_security_analyst_i_4400776468,Vallarta Supermarkets Security Analyst I,Vallarta Supermarkets,Security Analyst I,,requirement,,"Collaborate cross-functionally with Loss Prevention, Facilities, HR, Legal, Operations, and leadership teams"
vallarta_supermarkets_security_analyst_i_4400776468__requirement__051,vallarta_supermarkets_security_analyst_i_4400776468,Vallarta Supermarkets Security Analyst I,Vallarta Supermarkets,Security Analyst I,,requirement,,Engage professionally with individuals from diverse cultural and professional backgrounds
vallarta_supermarkets_security_analyst_i_4400776468__requirement__052,vallarta_supermarkets_security_analyst_i_4400776468,Vallarta Supermarkets Security Analyst I,Vallarta Supermarkets,Security Analyst I,,requirement,,"Produce clear, structured documentation that supports operational review and audit readiness"
vallarta_supermarkets_security_analyst_i_4400776468__requirement__053,vallarta_supermarkets_security_analyst_i_4400776468,Vallarta Supermarkets Security Analyst I,Vallarta Supermarkets,Security Analyst I,,requirement,,"While performing the duties of this job, the employee is regularly required to:"
vallarta_supermarkets_security_analyst_i_4400776468__requirement__054,vallarta_supermarkets_security_analyst_i_4400776468,Vallarta Supermarkets Security Analyst I,Vallarta Supermarkets,Security Analyst I,,requirement,,"Sit, stand, and walk for extended periods of time"
vallarta_supermarkets_security_analyst_i_4400776468__requirement__055,vallarta_supermarkets_security_analyst_i_4400776468,Vallarta Supermarkets Security Analyst I,Vallarta Supermarkets,Security Analyst I,,requirement,,"Move between corporate offices, retail locations, data centers, and security areas"
vallarta_supermarkets_security_analyst_i_4400776468__requirement__056,vallarta_supermarkets_security_analyst_i_4400776468,Vallarta Supermarkets Security Analyst I,Vallarta Supermarkets,Security Analyst I,,requirement,,"Bend, kneel, crouch, stoop, and reach to access network closets, POS systems, IDF/MDF rooms, security hardware, and under-desk or ceiling-mounted equipment"
vallarta_supermarkets_security_analyst_i_4400776468__requirement__057,vallarta_supermarkets_security_analyst_i_4400776468,Vallarta Supermarkets Security Analyst I,Vallarta Supermarkets,Security Analyst I,,requirement,,Climb stairs and occasionally use step stools or ladders to access equipment
vallarta_supermarkets_security_analyst_i_4400776468__requirement__058,vallarta_supermarkets_security_analyst_i_4400776468,Vallarta Supermarkets Security Analyst I,Vallarta Supermarkets,Security Analyst I,,requirement,,"Use hands and fingers to handle, install, configure, and secure technical devices and cabling"
vallarta_supermarkets_security_analyst_i_4400776468__requirement__059,vallarta_supermarkets_security_analyst_i_4400776468,Vallarta Supermarkets Security Analyst I,Vallarta Supermarkets,Security Analyst I,,requirement,,Lift and/or move equipment weighing up to
vallarta_supermarkets_security_analyst_i_4400776468__requirement__060,vallarta_supermarkets_security_analyst_i_4400776468,Vallarta Supermarkets Security Analyst I,Vallarta Supermarkets,Security Analyst I,,requirement,,unassisted and up to
vallarta_supermarkets_security_analyst_i_4400776468__requirement__061,vallarta_supermarkets_security_analyst_i_4400776468,Vallarta Supermarkets Security Analyst I,Vallarta Supermarkets,Security Analyst I,,requirement,,"Carry laptops, diagnostic equipment, security appliances, monitors, and related peripherals between locations"
vallarta_supermarkets_security_analyst_i_4400776468__requirement__062,vallarta_supermarkets_security_analyst_i_4400776468,Vallarta Supermarkets Security Analyst I,Vallarta Supermarkets,Security Analyst I,,requirement,,Corporate office settings
vallarta_supermarkets_security_analyst_i_4400776468__requirement__063,vallarta_supermarkets_security_analyst_i_4400776468,Vallarta Supermarkets Security Analyst I,Vallarta Supermarkets,Security Analyst I,,requirement,,Retail store floors during operational hours
vallarta_supermarkets_security_analyst_i_4400776468__requirement__064,vallarta_supermarkets_security_analyst_i_4400776468,Vallarta Supermarkets Security Analyst I,Vallarta Supermarkets,Security Analyst I,,requirement,,"Stockrooms, back-of-house areas, and equipment closets"
vallarta_supermarkets_security_analyst_i_4400776468__requirement__065,vallarta_supermarkets_security_analyst_i_4400776468,Vallarta Supermarkets Security Analyst I,Vallarta Supermarkets,Security Analyst I,,requirement,,Data centers or telecommunications rooms
vallarta_supermarkets_security_analyst_i_4400776468__requirement__066,vallarta_supermarkets_security_analyst_i_4400776468,Vallarta Supermarkets Security Analyst I,Vallarta Supermarkets,Security Analyst I,,requirement,,"Exposure to cords, cables, and equipment creating potential"
vallarta_supermarkets_security_analyst_i_4400776468__requirement__067,vallarta_supermarkets_security_analyst_i_4400776468,Vallarta Supermarkets Security Analyst I,Vallarta Supermarkets,Security Analyst I,,requirement,,"trip, slip, and fall hazards"
vallarta_supermarkets_security_analyst_i_4400776468__requirement__068,vallarta_supermarkets_security_analyst_i_4400776468,Vallarta Supermarkets Security Analyst I,Vallarta Supermarkets,Security Analyst I,,requirement,,Limited-space or confined technical areas
vallarta_supermarkets_security_analyst_i_4400776468__requirement__069,vallarta_supermarkets_security_analyst_i_4400776468,Vallarta Supermarkets Security Analyst I,Vallarta Supermarkets,Security Analyst I,,requirement,,Moderate noise levels in retail or server environments
vallarta_supermarkets_security_analyst_i_4400776468__requirement__070,vallarta_supermarkets_security_analyst_i_4400776468,Vallarta Supermarkets Security Analyst I,Vallarta Supermarkets,Security Analyst I,,requirement,,Occasional after-hours or emergency response work during cybersecurity incidents
vallarta_supermarkets_security_analyst_i_4400776468__requirement__071,vallarta_supermarkets_security_analyst_i_4400776468,Vallarta Supermarkets Security Analyst I,Vallarta Supermarkets,Security Analyst I,,requirement,,Travel between retail locations within the region
vallarta_supermarkets_security_analyst_i_4400776468__requirement__072,vallarta_supermarkets_security_analyst_i_4400776468,Vallarta Supermarkets Security Analyst I,Vallarta Supermarkets,Security Analyst I,,requirement,,"Employees are expected to comply with all workplace safety, information security, and corporate policies and procedures."
vallarta_supermarkets_security_analyst_i_4400776468__requirement__073,vallarta_supermarkets_security_analyst_i_4400776468,Vallarta Supermarkets Security Analyst I,Vallarta Supermarkets,Security Analyst I,,requirement,,"The Cybersecurity Security Analyst must effectively communicate complex security concepts, risks, and mitigation strategies to diverse populations, including corporate leadership, retail operations teams, store personnel, IT staff, third-party vendors, and external partners."
vallarta_supermarkets_security_analyst_i_4400776468__requirement__074,vallarta_supermarkets_security_analyst_i_4400776468,Vallarta Supermarkets Security Analyst I,Vallarta Supermarkets,Security Analyst I,,requirement,,"Translate technical cybersecurity findings into clear, actionable business language"
vallarta_supermarkets_security_analyst_i_4400776468__requirement__075,vallarta_supermarkets_security_analyst_i_4400776468,Vallarta Supermarkets Security Analyst I,Vallarta Supermarkets,Security Analyst I,,requirement,,"Communicate security risks, incidents, and remediation steps to non-technical audiences"
vallarta_supermarkets_security_analyst_i_4400776468__requirement__076,vallarta_supermarkets_security_analyst_i_4400776468,Vallarta Supermarkets Security Analyst I,Vallarta Supermarkets,Security Analyst I,,requirement,,"Prepare written reports, incident documentation, and executive summaries"
vallarta_supermarkets_security_analyst_i_4400776468__requirement__077,vallarta_supermarkets_security_analyst_i_4400776468,Vallarta Supermarkets Security Analyst I,Vallarta Supermarkets,Security Analyst I,,requirement,,"Deliver presentations, training sessions, and awareness briefings (in person and virtual)"
vallarta_supermarkets_security_analyst_i_4400776468__requirement__078,vallarta_supermarkets_security_analyst_i_4400776468,Vallarta Supermarkets Security Analyst I,Vallarta Supermarkets,Security Analyst I,,requirement,,"Collaborate cross-functionally with Loss Prevention, Facilities, HR, Legal, Operations, and executive leadership"
vallarta_supermarkets_security_analyst_i_4400776468__requirement__079,vallarta_supermarkets_security_analyst_i_4400776468,Vallarta Supermarkets Security Analyst I,Vallarta Supermarkets,Security Analyst I,,requirement,,"Engage respectfully and professionally with individuals from diverse cultural, educational, and professional backgrounds"
vallarta_supermarkets_security_analyst_i_4400776468__requirement__080,vallarta_supermarkets_security_analyst_i_4400776468,Vallarta Supermarkets Security Analyst I,Vallarta Supermarkets,Security Analyst I,,requirement,,"Produce clear written documentation, investigation summaries, and technical records that can be reviewed and understood by others."
vallarta_supermarkets_security_analyst_i_4400776468__requirement__081,vallarta_supermarkets_security_analyst_i_4400776468,Vallarta Supermarkets Security Analyst I,Vallarta Supermarkets,Security Analyst I,,requirement,,"The successful candidate will demonstrate cultural competency, discretion, professionalism, and the ability to communicate effectively during high-pressure or incident response situations."
franklin_fitch_information_security_analyst_4399888316__overview__001,franklin_fitch_information_security_analyst_4399888316,Franklin Fitch Information Security Analyst,Franklin Fitch,Information Security Analyst,,overview,,"IT Security Compliance Analyst | Managed Services | $60,000–$70,000 | NYC Metro Area"
franklin_fitch_information_security_analyst_4399888316__overview__002,franklin_fitch_information_security_analyst_4399888316,Franklin Fitch Information Security Analyst,Franklin Fitch,Information Security Analyst,,overview,,"A growing IT services provider is seeking a junior IT Security Compliance Analyst to support governance, risk, and compliance initiatives across multiple client environments."
franklin_fitch_information_security_analyst_4399888316__overview__003,franklin_fitch_information_security_analyst_4399888316,Franklin Fitch Information Security Analyst,Franklin Fitch,Information Security Analyst,,overview,,"This role offers strong exposure to security frameworks, audits, and hands-on incident and vulnerability management within a fast-paced MSP setting."
franklin_fitch_information_security_analyst_4399888316__role__004,franklin_fitch_information_security_analyst_4399888316,Franklin Fitch Information Security Analyst,Franklin Fitch,Information Security Analyst,,role,,Maintain ongoing compliance using GRC tools to perform regular security checks and controls
franklin_fitch_information_security_analyst_4399888316__role__005,franklin_fitch_information_security_analyst_4399888316,Franklin Fitch Information Security Analyst,Franklin Fitch,Information Security Analyst,,role,,Develop and manage Written Information Security Policies (WISP)
franklin_fitch_information_security_analyst_4399888316__role__006,franklin_fitch_information_security_analyst_4399888316,Franklin Fitch Information Security Analyst,Franklin Fitch,Information Security Analyst,,role,,Conduct gap assessments against internal policies and industry frameworks
franklin_fitch_information_security_analyst_4399888316__role__007,franklin_fitch_information_security_analyst_4399888316,Franklin Fitch Information Security Analyst,Franklin Fitch,Information Security Analyst,,role,,Act as a liaison between compliance and engineering teams
franklin_fitch_information_security_analyst_4399888316__role__008,franklin_fitch_information_security_analyst_4399888316,Franklin Fitch Information Security Analyst,Franklin Fitch,Information Security Analyst,,role,,Monitor security systems and identify potential threats or irregularities
franklin_fitch_information_security_analyst_4399888316__role__009,franklin_fitch_information_security_analyst_4399888316,Franklin Fitch Information Security Analyst,Franklin Fitch,Information Security Analyst,,role,,"Own incident management lifecycle including documentation, investigation, and reporting"
franklin_fitch_information_security_analyst_4399888316__role__010,franklin_fitch_information_security_analyst_4399888316,Franklin Fitch Information Security Analyst,Franklin Fitch,Information Security Analyst,,role,,Support and maintain vulnerability management programmes Track and validate remediation of audit findings
franklin_fitch_information_security_analyst_4399888316__role__011,franklin_fitch_information_security_analyst_4399888316,Franklin Fitch Information Security Analyst,Franklin Fitch,Information Security Analyst,,role,,"Provide technical recommendations to improve security controls, including cloud environments"
franklin_fitch_information_security_analyst_4399888316__requirement__012,franklin_fitch_information_security_analyst_4399888316,Franklin Fitch Information Security Analyst,Franklin Fitch,Information Security Analyst,,requirement,,"Up to 2 years’ experience supporting security audits (SOC 2, ISO 27001, PCI DSS, HIPAA)"
franklin_fitch_information_security_analyst_4399888316__requirement__013,franklin_fitch_information_security_analyst_4399888316,Franklin Fitch Information Security Analyst,Franklin Fitch,Information Security Analyst,,requirement,,"Understanding of security frameworks (ISO 27001, NIST, CIS, ITIL, COBIT)"
franklin_fitch_information_security_analyst_4399888316__requirement__014,franklin_fitch_information_security_analyst_4399888316,Franklin Fitch Information Security Analyst,Franklin Fitch,Information Security Analyst,,requirement,,Experience with security tools and compliance processes Strong communication and stakeholder management skills
franklin_fitch_information_security_analyst_4399888316__requirement__015,franklin_fitch_information_security_analyst_4399888316,Franklin Fitch Information Security Analyst,Franklin Fitch,Information Security Analyst,,requirement,,Ability to coordinate across technical and non-technical teams
franklin_fitch_information_security_analyst_4399888316__requirement__016,franklin_fitch_information_security_analyst_4399888316,Franklin Fitch Information Security Analyst,Franklin Fitch,Information Security Analyst,,requirement,,"Experience with audit/compliance management tools Relevant certifications (Security+, Network+, A+ or similar)"
franklin_fitch_information_security_analyst_4399888316__preferred__017,franklin_fitch_information_security_analyst_4399888316,Franklin Fitch Information Security Analyst,Franklin Fitch,Information Security Analyst,,preferred,,Exposure to SaaS or cloud-based environments Background in systems or network administration
cloudforce_security_analyst_4381772368__overview__001,cloudforce_security_analyst_4381772368,Cloudforce Security Analyst,Cloudforce,Security Analyst,,overview,,"Cloudforce's security team is growing, and we're hiring a Security Analyst to assist in making sure the day-to-day security tasks are handled."
cloudforce_security_analyst_4381772368__overview__002,cloudforce_security_analyst_4381772368,Cloudforce Security Analyst,Cloudforce,Security Analyst,,overview,,"You'll report to our Security Engineer and take ownership of the real, hands-on work."
cloudforce_security_analyst_4381772368__overview__003,cloudforce_security_analyst_4381772368,Cloudforce Security Analyst,Cloudforce,Security Analyst,,overview,,"Monitoring alerts, digging into suspicious activity, investigating through log inspection, jumping in on incident response, and running assignments all the way to the finish line."
cloudforce_security_analyst_4381772368__overview__004,cloudforce_security_analyst_4381772368,Cloudforce Security Analyst,Cloudforce,Security Analyst,,overview,,"This is a hands-on role, not a ""watch and learn"" gig."
cloudforce_security_analyst_4381772368__overview__005,cloudforce_security_analyst_4381772368,Cloudforce Security Analyst,Cloudforce,Security Analyst,,overview,,"You'll also work closely with the broader IT team on endpoint management, tackling enterprise tasks involving MDM, device compliance, configuration baselines, and conditional access."
cloudforce_security_analyst_4381772368__overview__006,cloudforce_security_analyst_4381772368,Cloudforce Security Analyst,Cloudforce,Security Analyst,,overview,,"All the things that ensure security is woven into how we manage devices, identities, and infrastructure across the organization."
cloudforce_security_analyst_4381772368__overview__007,cloudforce_security_analyst_4381772368,Cloudforce Security Analyst,Cloudforce,Security Analyst,,overview,,What we're really after is someone with a solid IT background who's ready to dive deep into all things security.
cloudforce_security_analyst_4381772368__overview__008,cloudforce_security_analyst_4381772368,Cloudforce Security Analyst,Cloudforce,Security Analyst,,overview,,"You'll be working across our Microsoft 365 and cloud environment, maintaining tight security controls, ensuring documentation remains sharp, and will have a hand in improving processes along the way."
cloudforce_security_analyst_4381772368__overview__009,cloudforce_security_analyst_4381772368,Cloudforce Security Analyst,Cloudforce,Security Analyst,,overview,,"Not to mention, as the team grows, your role grows with it."
cloudforce_security_analyst_4381772368__overview__010,cloudforce_security_analyst_4381772368,Cloudforce Security Analyst,Cloudforce,Security Analyst,,overview,,"So, if you're looking for a ground-floor opportunity to build a real security career with people who are genuinely invested in your development, this is it."
cloudforce_security_analyst_4381772368__role__011,cloudforce_security_analyst_4381772368,Cloudforce Security Analyst,Cloudforce,Security Analyst,,role,,"Monitor security systems and networks for threats, vulnerabilities, and suspicious activity."
cloudforce_security_analyst_4381772368__role__012,cloudforce_security_analyst_4381772368,Cloudforce Security Analyst,Cloudforce,Security Analyst,,role,,"Investigate security incidents and breaches, documenting findings and response actions."
cloudforce_security_analyst_4381772368__role__013,cloudforce_security_analyst_4381772368,Cloudforce Security Analyst,Cloudforce,Security Analyst,,role,,Assist with vulnerability assessments and support penetration testing efforts.
cloudforce_security_analyst_4381772368__role__014,cloudforce_security_analyst_4381772368,Cloudforce Security Analyst,Cloudforce,Security Analyst,,role,,"Analyze security logs, alerts, and reports from various security tools."
cloudforce_security_analyst_4381772368__role__015,cloudforce_security_analyst_4381772368,Cloudforce Security Analyst,Cloudforce,Security Analyst,,role,,Respond to and remediate security incidents following established procedures.
cloudforce_security_analyst_4381772368__role__016,cloudforce_security_analyst_4381772368,Cloudforce Security Analyst,Cloudforce,Security Analyst,,role,,Assist with implementing and maintaining security controls and technologies.
cloudforce_security_analyst_4381772368__role__017,cloudforce_security_analyst_4381772368,Cloudforce Security Analyst,Cloudforce,Security Analyst,,role,,"Manage and maintain endpoint management and mobile device management (MDM) platforms, including device compliance policies and secure configuration baselines."
cloudforce_security_analyst_4381772368__role__018,cloudforce_security_analyst_4381772368,Cloudforce Security Analyst,Cloudforce,Security Analyst,,role,,Support the configuration and enforcement of conditional access policies and identity-related security controls.
cloudforce_security_analyst_4381772368__role__019,cloudforce_security_analyst_4381772368,Cloudforce Security Analyst,Cloudforce,Security Analyst,,role,,"Develop and update security policies, procedures, and documentation."
cloudforce_security_analyst_4381772368__role__020,cloudforce_security_analyst_4381772368,Cloudforce Security Analyst,Cloudforce,Security Analyst,,role,,Stay current on common attack techniques and defensive best practices.
cloudforce_security_analyst_4381772368__requirement__021,cloudforce_security_analyst_4381772368,Cloudforce Security Analyst,Cloudforce,Security Analyst,,requirement,,"At least two years of experience in IT, help desk, networking, systems administration, or security."
cloudforce_security_analyst_4381772368__requirement__022,cloudforce_security_analyst_4381772368,Cloudforce Security Analyst,Cloudforce,Security Analyst,,requirement,,Experience with ticketing and service management platforms.
cloudforce_security_analyst_4381772368__requirement__023,cloudforce_security_analyst_4381772368,Cloudforce Security Analyst,Cloudforce,Security Analyst,,requirement,,"Working knowledge of Microsoft fundamentals: cloud productivity and collaboration suite security basics, desktop and server operating system fundamentals (event logs, services, permissions) & cloud identity and access management concepts (users/groups, roles, MFA, conditional access)."
cloudforce_security_analyst_4381772368__requirement__024,cloudforce_security_analyst_4381772368,Cloudforce Security Analyst,Cloudforce,Security Analyst,,requirement,,"Familiarity with security concepts: phishing, malware, credential theft, MFA fatigue, least privilege, patching, and basic incident handling."
cloudforce_security_analyst_4381772368__requirement__025,cloudforce_security_analyst_4381772368,Cloudforce Security Analyst,Cloudforce,Security Analyst,,requirement,,Familiarity with log analysis and troubleshooting
cloudforce_security_analyst_4381772368__requirement__026,cloudforce_security_analyst_4381772368,Cloudforce Security Analyst,Cloudforce,Security Analyst,,requirement,,ability to follow documented procedures.
cloudforce_security_analyst_4381772368__requirement__027,cloudforce_security_analyst_4381772368,Cloudforce Security Analyst,Cloudforce,Security Analyst,,requirement,,Strong written communication and documentation skills (clear incident notes and summaries).
cloudforce_security_analyst_4381772368__requirement__028,cloudforce_security_analyst_4381772368,Cloudforce Security Analyst,Cloudforce,Security Analyst,,requirement,,Ability to work calmly under pressure and prioritize multiple alerts/tasks.
cloudforce_security_analyst_4381772368__requirement__029,cloudforce_security_analyst_4381772368,Cloudforce Security Analyst,Cloudforce,Security Analyst,,requirement,,Familiarity with vulnerability scanning tools or concepts (e.g.
cloudforce_security_analyst_4381772368__requirement__030,cloudforce_security_analyst_4381772368,Cloudforce Security Analyst,Cloudforce,Security Analyst,,requirement,,"Nessus, Qualys, Defender Vulnerability Management)."
cloudforce_security_analyst_4381772368__preferred__031,cloudforce_security_analyst_4381772368,Cloudforce Security Analyst,Cloudforce,Security Analyst,,preferred,,Exposure to SIEM platforms is a plus.
cloudforce_security_analyst_4381772368__preferred__032,cloudforce_security_analyst_4381772368,Cloudforce Security Analyst,Cloudforce,Security Analyst,,preferred,,Experience with or exposure to endpoint management and mobile device management (MDM) platforms is a plus.
cloudforce_security_analyst_4381772368__requirement__033,cloudforce_security_analyst_4381772368,Cloudforce Security Analyst,Cloudforce,Security Analyst,,requirement,,"Basic understanding of cloud computing concepts (IaaS, SaaS, shared responsibility model)."
cloudforce_security_analyst_4381772368__preferred__034,cloudforce_security_analyst_4381772368,Cloudforce Security Analyst,Cloudforce,Security Analyst,,preferred,,"Familiarity with device compliance policies, secure configuration baselines, or conditional access frameworks is a plus."
cloudforce_security_analyst_4381772368__preferred__035,cloudforce_security_analyst_4381772368,Cloudforce Security Analyst,Cloudforce,Security Analyst,,preferred,,"Certifications, such as SC-900, AZ-900, CompTIA Security+, SC-200, are a plus."
cloudforce_security_analyst_4381772368__requirement__036,cloudforce_security_analyst_4381772368,Cloudforce Security Analyst,Cloudforce,Security Analyst,,requirement,,Learn and deploy modern technologies.
cloudforce_security_analyst_4381772368__requirement__037,cloudforce_security_analyst_4381772368,Cloudforce Security Analyst,Cloudforce,Security Analyst,,requirement,,Perform as a self-starter and manage your own time.
cloudforce_security_analyst_4381772368__requirement__038,cloudforce_security_analyst_4381772368,Cloudforce Security Analyst,Cloudforce,Security Analyst,,requirement,,Analyze and solve tough technical problems by leveraging leading-edge technologies.
cloudforce_security_analyst_4381772368__requirement__039,cloudforce_security_analyst_4381772368,Cloudforce Security Analyst,Cloudforce,Security Analyst,,requirement,,Demonstrate your expertise through a consultative and collaborative approach to engineering.
cloudforce_security_analyst_4381772368__requirement__040,cloudforce_security_analyst_4381772368,Cloudforce Security Analyst,Cloudforce,Security Analyst,,requirement,,Join monthly company outings and quarterly local service projects.
cloudforce_security_analyst_4381772368__requirement__041,cloudforce_security_analyst_4381772368,Cloudforce Security Analyst,Cloudforce,Security Analyst,,requirement,,Eat lunch as a team every Friday and have your hand at conquering our reigning ping-pong champions.
cloudforce_security_analyst_4381772368__requirement__042,cloudforce_security_analyst_4381772368,Cloudforce Security Analyst,Cloudforce,Security Analyst,,requirement,,This description highlights the core duties of the position
cloudforce_security_analyst_4381772368__requirement__043,cloudforce_security_analyst_4381772368,Cloudforce Security Analyst,Cloudforce,Security Analyst,,requirement,,"however, responsibilities may evolve as needs change and opportunities arise."
tenex_ai_threat_hunter_4398844661__overview__001,tenex_ai_threat_hunter_4398844661,Tenex AI Threat Hunter,Tenex AI,Threat Hunter,,overview,,"TENEX is an AI-native, automation-first, built-for-scale Managed Detection and Response (MDR) provider."
tenex_ai_threat_hunter_4398844661__overview__002,tenex_ai_threat_hunter_4398844661,Tenex AI Threat Hunter,Tenex AI,Threat Hunter,,overview,,"We are a force multiplier for defenders, helping organizations enhance their cybersecurity posture through advanced threat detection, rapid response, and continuous protection."
tenex_ai_threat_hunter_4398844661__overview__003,tenex_ai_threat_hunter_4398844661,Tenex AI Threat Hunter,Tenex AI,Threat Hunter,,overview,,"Our team is composed of industry experts with deep experience in cybersecurity, automation and AI-driven solutions."
tenex_ai_threat_hunter_4398844661__overview__004,tenex_ai_threat_hunter_4398844661,Tenex AI Threat Hunter,Tenex AI,Threat Hunter,,overview,,"As an early employee, you’ll play a meaningful role in defining and building our culture."
tenex_ai_threat_hunter_4398844661__overview__005,tenex_ai_threat_hunter_4398844661,Tenex AI Threat Hunter,Tenex AI,Threat Hunter,,overview,,We’re a small but well-funded team that just raised a substantial round – joining now comes with limited risk and unlimited upside
tenex_ai_threat_hunter_4398844661__overview__006,tenex_ai_threat_hunter_4398844661,Tenex AI Threat Hunter,Tenex AI,Threat Hunter,,overview,,to join our Security Operations team.
tenex_ai_threat_hunter_4398844661__overview__007,tenex_ai_threat_hunter_4398844661,Tenex AI Threat Hunter,Tenex AI,Threat Hunter,,overview,,"The ideal candidate will have a strong background in hypothesis-driven data analysis, including long tail and anomaly detection, cybersecurity, coupled with experience in leveraging AI and machine learning (ML) technologies, particularly in the context of Google’s SecOps platform (e.g."
tenex_ai_threat_hunter_4398844661__overview__008,tenex_ai_threat_hunter_4398844661,Tenex AI Threat Hunter,Tenex AI,Threat Hunter,,overview,,"Google Chronicle), to enhance the detection, analysis, and response to security incidents."
tenex_ai_threat_hunter_4398844661__overview__009,tenex_ai_threat_hunter_4398844661,Tenex AI Threat Hunter,Tenex AI,Threat Hunter,,overview,,"This role is integral to safeguarding the organization's digital infrastructure, ensuring rapid detection of threats, and supporting continuous improvement of security processes."
tenex_ai_threat_hunter_4398844661__role__010,tenex_ai_threat_hunter_4398844661,Tenex AI Threat Hunter,Tenex AI,Threat Hunter,,role,,"Proactively search for indicators of compromise (IOCs) and tactics, techniques, and procedures (TTPs) used by threat actors."
tenex_ai_threat_hunter_4398844661__role__011,tenex_ai_threat_hunter_4398844661,Tenex AI Threat Hunter,Tenex AI,Threat Hunter,,role,,"Analyze and correlate security telemetry from various sources, including SIEM, EDR, network logs, and threat intelligence feeds."
tenex_ai_threat_hunter_4398844661__role__012,tenex_ai_threat_hunter_4398844661,Tenex AI Threat Hunter,Tenex AI,Threat Hunter,,role,,Conduct threat modeling and hypothesis-driven investigations to uncover hidden threats.
tenex_ai_threat_hunter_4398844661__role__013,tenex_ai_threat_hunter_4398844661,Tenex AI Threat Hunter,Tenex AI,Threat Hunter,,role,,Collaborate with SOC analysts and incident responders to investigate and contain security incidents.
tenex_ai_threat_hunter_4398844661__role__014,tenex_ai_threat_hunter_4398844661,Tenex AI Threat Hunter,Tenex AI,Threat Hunter,,role,,"Develop and refine detection rules, signatures, and threat hunting methodologies."
tenex_ai_threat_hunter_4398844661__role__015,tenex_ai_threat_hunter_4398844661,Tenex AI Threat Hunter,Tenex AI,Threat Hunter,,role,,"Stay ahead of emerging threats by researching new attack vectors, adversary techniques, and malware trends."
tenex_ai_threat_hunter_4398844661__role__016,tenex_ai_threat_hunter_4398844661,Tenex AI Threat Hunter,Tenex AI,Threat Hunter,,role,,"Provide detailed reports on findings, including mitigation strategies and recommendations."
tenex_ai_threat_hunter_4398844661__role__017,tenex_ai_threat_hunter_4398844661,Tenex AI Threat Hunter,Tenex AI,Threat Hunter,,role,,Contribute to the continuous improvement of threat detection capabilities through automation and AI-driven analysis.
tenex_ai_threat_hunter_4398844661__role__018,tenex_ai_threat_hunter_4398844661,Tenex AI Threat Hunter,Tenex AI,Threat Hunter,,role,,"Monitor security alerts and events across the enterprise network, using both traditional cybersecurity tools and AI/ML-powered threat detection systems."
tenex_ai_threat_hunter_4398844661__role__019,tenex_ai_threat_hunter_4398844661,Tenex AI Threat Hunter,Tenex AI,Threat Hunter,,role,,"Leverage Google Chronicle's capabilities for threat intelligence and log analysis, enhancing visibility and providing insights into potential security incidents."
tenex_ai_threat_hunter_4398844661__role__020,tenex_ai_threat_hunter_4398844661,Tenex AI Threat Hunter,Tenex AI,Threat Hunter,,role,,"Apply AI to identify patterns, anomalies, and behaviors indicative of potential security incidents, reducing false positives and improving detection accuracy."
tenex_ai_threat_hunter_4398844661__role__021,tenex_ai_threat_hunter_4398844661,Tenex AI Threat Hunter,Tenex AI,Threat Hunter,,role,,"Investigate and analyze security incidents and breaches, leveraging AI to automate initial analysis and enhance threat hunting efforts."
tenex_ai_threat_hunter_4398844661__role__022,tenex_ai_threat_hunter_4398844661,Tenex AI Threat Hunter,Tenex AI,Threat Hunter,,role,,"Utilize Google SecOps and Chronicle’s advanced tools to centralize security data, correlate events, and accelerate incident response workflows."
tenex_ai_threat_hunter_4398844661__role__023,tenex_ai_threat_hunter_4398844661,Tenex AI Threat Hunter,Tenex AI,Threat Hunter,,role,,"Apply machine learning algorithms to identify emerging threats and trends, providing actionable insights for incident response."
tenex_ai_threat_hunter_4398844661__role__024,tenex_ai_threat_hunter_4398844661,Tenex AI Threat Hunter,Tenex AI,Threat Hunter,,role,,"Work with Google SecOps platform tools to streamline security operations, improve threat visibility, and automate workflows."
tenex_ai_threat_hunter_4398844661__role__025,tenex_ai_threat_hunter_4398844661,Tenex AI Threat Hunter,Tenex AI,Threat Hunter,,role,,"Collaborate with IT, Security, and Data Science teams to integrate Google Chronicle’s capabilities into the SOC, enhancing threat detection and incident resolution."
tenex_ai_threat_hunter_4398844661__role__026,tenex_ai_threat_hunter_4398844661,Tenex AI Threat Hunter,Tenex AI,Threat Hunter,,role,,"Optimize Google Chronicle for log management, threat hunting, and advanced analytics."
tenex_ai_threat_hunter_4398844661__role__027,tenex_ai_threat_hunter_4398844661,Tenex AI Threat Hunter,Tenex AI,Threat Hunter,,role,,"Develop and maintain automated workflows for common security incidents, leveraging AI for intelligent decision-making and faster response times."
tenex_ai_threat_hunter_4398844661__role__028,tenex_ai_threat_hunter_4398844661,Tenex AI Threat Hunter,Tenex AI,Threat Hunter,,role,,"Automate routine SOC tasks such as log analysis, incident classification, and threat intelligence enrichment using Google SecOps and Chronicle integrations."
tenex_ai_threat_hunter_4398844661__role__029,tenex_ai_threat_hunter_4398844661,Tenex AI Threat Hunter,Tenex AI,Threat Hunter,,role,,"Create detailed incident reports, risk assessments, and threat intelligence summaries, integrating AI-driven findings and insights."
tenex_ai_threat_hunter_4398844661__role__030,tenex_ai_threat_hunter_4398844661,Tenex AI Threat Hunter,Tenex AI,Threat Hunter,,role,,"Prepare regular performance and security posture reports for internal stakeholders, highlighting key AI-driven improvements and threat mitigation outcomes."
tenex_ai_threat_hunter_4398844661__role__031,tenex_ai_threat_hunter_4398844661,Tenex AI Threat Hunter,Tenex AI,Threat Hunter,,role,,"Work closely with cross-functional teams (e.g., IT, Customer Success, DevOps, Engineering, Data Science) to promote and improve AI-driven security initiatives and improve the customers' overall security posture."
tenex_ai_threat_hunter_4398844661__requirement__032,tenex_ai_threat_hunter_4398844661,Tenex AI Threat Hunter,Tenex AI,Threat Hunter,,requirement,,Share knowledge of AI-powered security techniques and Google SecOps tools with SOC team members to enhance their capabilities in threat detection and incident response.
tenex_ai_threat_hunter_4398844661__requirement__033,tenex_ai_threat_hunter_4398844661,Tenex AI Threat Hunter,Tenex AI,Threat Hunter,,requirement,,"Education: Bachelor’s degree in Computer Science, Information Security, or a related field, or equivalent work experience."
tenex_ai_threat_hunter_4398844661__preferred__034,tenex_ai_threat_hunter_4398844661,Tenex AI Threat Hunter,Tenex AI,Threat Hunter,,preferred,,"Relevant certifications (e.g., CISSP, CISM, CEH) are a plus."
tenex_ai_threat_hunter_4398844661__requirement__035,tenex_ai_threat_hunter_4398844661,Tenex AI Threat Hunter,Tenex AI,Threat Hunter,,requirement,,"3+ years of experience in a Threat Hunting, Security Operations Center (SOC) or a similar security-focused role."
tenex_ai_threat_hunter_4398844661__requirement__036,tenex_ai_threat_hunter_4398844661,Tenex AI Threat Hunter,Tenex AI,Threat Hunter,,requirement,,"Strong understanding of attacker methodologies, malware analysis, and digital forensics."
tenex_ai_threat_hunter_4398844661__requirement__037,tenex_ai_threat_hunter_4398844661,Tenex AI Threat Hunter,Tenex AI,Threat Hunter,,requirement,,"Hands-on experience with security tools such as SIEM, EDR, SOAR, and forensic analysis platforms."
tenex_ai_threat_hunter_4398844661__requirement__038,tenex_ai_threat_hunter_4398844661,Tenex AI Threat Hunter,Tenex AI,Threat Hunter,,requirement,,"Proficiency in scripting languages (Python, PowerShell, etc.) for automating threat detection and analysis."
tenex_ai_threat_hunter_4398844661__requirement__039,tenex_ai_threat_hunter_4398844661,Tenex AI Threat Hunter,Tenex AI,Threat Hunter,,requirement,,"Interest in applying automation and/or artificial intelligence and machine learning techniques to cybersecurity tasks, such as threat detection, anomaly detection, and security automation."
tenex_ai_threat_hunter_4398844661__requirement__040,tenex_ai_threat_hunter_4398844661,Tenex AI Threat Hunter,Tenex AI,Threat Hunter,,requirement,,"Hands-on experience with security analytics, log management, threat hunting, and incident response"
tenex_ai_threat_hunter_4398844661__preferred__041,tenex_ai_threat_hunter_4398844661,Tenex AI Threat Hunter,Tenex AI,Threat Hunter,,preferred,,Hands-on experience with Google SecOps platform (Google Chronicle) is a strong plus.
tenex_ai_threat_hunter_4398844661__preferred__042,tenex_ai_threat_hunter_4398844661,Tenex AI Threat Hunter,Tenex AI,Threat Hunter,,preferred,,"Hands-on experience with the Microsoft security platform (Sentinel, Defender) is a plus."
tenex_ai_threat_hunter_4398844661__requirement__043,tenex_ai_threat_hunter_4398844661,Tenex AI Threat Hunter,Tenex AI,Threat Hunter,,requirement,,"Strong understanding of cybersecurity concepts and frameworks (e.g., NIST, Mitre, ISO, Killl Chain)."
tenex_ai_threat_hunter_4398844661__requirement__044,tenex_ai_threat_hunter_4398844661,Tenex AI Threat Hunter,Tenex AI,Threat Hunter,,requirement,,"Experience with AI/ML tools for cybersecurity, such as intrusion detection systems (IDS), SIEM tools, and security automation platforms."
tenex_ai_threat_hunter_4398844661__requirement__045,tenex_ai_threat_hunter_4398844661,Tenex AI Threat Hunter,Tenex AI,Threat Hunter,,requirement,,"Proficiency in scripting languages (e.g., Python, PowerShell) for automation and integration."
tenex_ai_threat_hunter_4398844661__requirement__046,tenex_ai_threat_hunter_4398844661,Tenex AI Threat Hunter,Tenex AI,Threat Hunter,,requirement,,"Knowledge of security technologies such as firewalls, endpoint protection, IDS/IPS, and threat intelligence platforms."
tenex_ai_threat_hunter_4398844661__preferred__047,tenex_ai_threat_hunter_4398844661,Tenex AI Threat Hunter,Tenex AI,Threat Hunter,,preferred,,Practical experience working with Google SecOps tools and Chronicle for centralized threat intelligence and event correlation a plus.
tenex_ai_threat_hunter_4398844661__requirement__048,tenex_ai_threat_hunter_4398844661,Tenex AI Threat Hunter,Tenex AI,Threat Hunter,,requirement,,Strong analytical and problem-solving skills.
tenex_ai_threat_hunter_4398844661__requirement__049,tenex_ai_threat_hunter_4398844661,Tenex AI Threat Hunter,Tenex AI,Threat Hunter,,requirement,,"Team player, ability work with internal teams and external customers."
tenex_ai_threat_hunter_4398844661__requirement__050,tenex_ai_threat_hunter_4398844661,Tenex AI Threat Hunter,Tenex AI,Threat Hunter,,requirement,,"Ability to work under pressure in a fast-paced, dynamic environment."
tenex_ai_threat_hunter_4398844661__requirement__051,tenex_ai_threat_hunter_4398844661,Tenex AI Threat Hunter,Tenex AI,Threat Hunter,,requirement,,"Experience with security orchestration, automation, and response (SOAR) platforms."
tenex_ai_threat_hunter_4398844661__requirement__052,tenex_ai_threat_hunter_4398844661,Tenex AI Threat Hunter,Tenex AI,Threat Hunter,,requirement,,"Exposure to cloud security platforms (e.g., AWS, Azure, Google Cloud) and the associated risks."
tenex_ai_threat_hunter_4398844661__requirement__053,tenex_ai_threat_hunter_4398844661,Tenex AI Threat Hunter,Tenex AI,Threat Hunter,,requirement,,Opportunity to work with cutting-edge AI-driven cybersecurity technologies and Google SecOps solutions.
tenex_ai_threat_hunter_4398844661__requirement__054,tenex_ai_threat_hunter_4398844661,Tenex AI Threat Hunter,Tenex AI,Threat Hunter,,requirement,,Collaborate with a talented and innovative team focused on continuously improving security operations.
tenex_ai_threat_hunter_4398844661__requirement__055,tenex_ai_threat_hunter_4398844661,Tenex AI Threat Hunter,Tenex AI,Threat Hunter,,requirement,,"A culture of growth and development, with opportunities to expand your knowledge in AI, cybersecurity, and emerging technologies."
tenex_ai_threat_hunter_4398844661__requirement__056,tenex_ai_threat_hunter_4398844661,Tenex AI Threat Hunter,Tenex AI,Threat Hunter,,requirement,,"If you're passionate about combining cybersecurity expertise with artificial intelligence and have experience with Google SecOps and Chronicle, we encourage you to apply!"
noblesoft_technologies_cyber_threat_intelligence_specialist_threat_hunter_w2_role_4400782222__overview__001,noblesoft_technologies_cyber_threat_intelligence_specialist_threat_hunter_w2_role_4400782222,Noblesoft Technologies Cyber Threat Intelligence Specialist Threat Hunter W2 Role,Noblesoft Technologies,Cyber Threat Intelligence Specialist Threat Hunter W2 Role,,overview,,Role :- -Cyber threat intelligence Specialist (Threat Hunter)
noblesoft_technologies_cyber_threat_intelligence_specialist_threat_hunter_w2_role_4400782222__requirement__002,noblesoft_technologies_cyber_threat_intelligence_specialist_threat_hunter_w2_role_4400782222,Noblesoft Technologies Cyber Threat Intelligence Specialist Threat Hunter W2 Role,Noblesoft Technologies,Cyber Threat Intelligence Specialist Threat Hunter W2 Role,,requirement,,11 years of working experience with 5+ experience in cyber threat intelligence.
noblesoft_technologies_cyber_threat_intelligence_specialist_threat_hunter_w2_role_4400782222__overview__003,noblesoft_technologies_cyber_threat_intelligence_specialist_threat_hunter_w2_role_4400782222,Noblesoft Technologies Cyber Threat Intelligence Specialist Threat Hunter W2 Role,Noblesoft Technologies,Cyber Threat Intelligence Specialist Threat Hunter W2 Role,,overview,,Threat Intelligence and Insider Threat Program
noblesoft_technologies_cyber_threat_intelligence_specialist_threat_hunter_w2_role_4400782222__overview__004,noblesoft_technologies_cyber_threat_intelligence_specialist_threat_hunter_w2_role_4400782222,Noblesoft Technologies Cyber Threat Intelligence Specialist Threat Hunter W2 Role,Noblesoft Technologies,Cyber Threat Intelligence Specialist Threat Hunter W2 Role,,overview,,Strong understanding of various types of threat intelligence and how to operationalize them
noblesoft_technologies_cyber_threat_intelligence_specialist_threat_hunter_w2_role_4400782222__overview__005,noblesoft_technologies_cyber_threat_intelligence_specialist_threat_hunter_w2_role_4400782222,Noblesoft Technologies Cyber Threat Intelligence Specialist Threat Hunter W2 Role,Noblesoft Technologies,Cyber Threat Intelligence Specialist Threat Hunter W2 Role,,overview,,Expertise in converting Threat intelligence to YARA and SIGMA rules
noblesoft_technologies_cyber_threat_intelligence_specialist_threat_hunter_w2_role_4400782222__overview__006,noblesoft_technologies_cyber_threat_intelligence_specialist_threat_hunter_w2_role_4400782222,Noblesoft Technologies Cyber Threat Intelligence Specialist Threat Hunter W2 Role,Noblesoft Technologies,Cyber Threat Intelligence Specialist Threat Hunter W2 Role,,overview,,Expertise in working on at least 2 DRP solutions
noblesoft_technologies_cyber_threat_intelligence_specialist_threat_hunter_w2_role_4400782222__requirement__007,noblesoft_technologies_cyber_threat_intelligence_specialist_threat_hunter_w2_role_4400782222,Noblesoft Technologies Cyber Threat Intelligence Specialist Threat Hunter W2 Role,Noblesoft Technologies,Cyber Threat Intelligence Specialist Threat Hunter W2 Role,,requirement,,"Good knowledge of PCI-DSS, HIPAA and ISO27001"
noblesoft_technologies_cyber_threat_intelligence_specialist_threat_hunter_w2_role_4400782222__overview__008,noblesoft_technologies_cyber_threat_intelligence_specialist_threat_hunter_w2_role_4400782222,Noblesoft Technologies Cyber Threat Intelligence Specialist Threat Hunter W2 Role,Noblesoft Technologies,Cyber Threat Intelligence Specialist Threat Hunter W2 Role,,overview,,Strong understanding of OT security and related intelligence
noblesoft_technologies_cyber_threat_intelligence_specialist_threat_hunter_w2_role_4400782222__overview__009,noblesoft_technologies_cyber_threat_intelligence_specialist_threat_hunter_w2_role_4400782222,Noblesoft Technologies Cyber Threat Intelligence Specialist Threat Hunter W2 Role,Noblesoft Technologies,Cyber Threat Intelligence Specialist Threat Hunter W2 Role,,overview,,Operational experience in driving CTEM
noblesoft_technologies_cyber_threat_intelligence_specialist_threat_hunter_w2_role_4400782222__overview__010,noblesoft_technologies_cyber_threat_intelligence_specialist_threat_hunter_w2_role_4400782222,Noblesoft Technologies Cyber Threat Intelligence Specialist Threat Hunter W2 Role,Noblesoft Technologies,Cyber Threat Intelligence Specialist Threat Hunter W2 Role,,overview,,Expertise in building Dashboards
noblesoft_technologies_cyber_threat_intelligence_specialist_threat_hunter_w2_role_4400782222__overview__011,noblesoft_technologies_cyber_threat_intelligence_specialist_threat_hunter_w2_role_4400782222,Noblesoft Technologies Cyber Threat Intelligence Specialist Threat Hunter W2 Role,Noblesoft Technologies,Cyber Threat Intelligence Specialist Threat Hunter W2 Role,,overview,,Incumbent should carry continual system improvement mindset and able to demonstrate in work.
cfocus_software_incorporated_cyber_threat_hunter_4384085282__overview__001,cfocus_software_incorporated_cyber_threat_hunter_4384085282,Cfocus Software Incorporated Cyber Threat Hunter,Cfocus Software Incorporated,Cyber Threat Hunter,,overview,,"cFocus Software seeks a Mid Level Cyber Threat Hunter to join our program supporting US Courts in Washington, DC."
cfocus_software_incorporated_cyber_threat_hunter_4384085282__requirement__002,cfocus_software_incorporated_cyber_threat_hunter_4384085282,Cfocus Software Incorporated Cyber Threat Hunter,Cfocus Software Incorporated,Cyber Threat Hunter,,requirement,,3- 5 years of experience
cfocus_software_incorporated_cyber_threat_hunter_4384085282__overview__003,cfocus_software_incorporated_cyber_threat_hunter_4384085282,Cfocus Software Incorporated Cyber Threat Hunter,Cfocus Software Incorporated,Cyber Threat Hunter,,overview,,"performing threat hunts & incident response activities for cloud-based and non-cloud-based environments, such as:"
cfocus_software_incorporated_cyber_threat_hunter_4384085282__overview__004,cfocus_software_incorporated_cyber_threat_hunter_4384085282,Cfocus Software Incorporated Cyber Threat Hunter,Cfocus Software Incorporated,Cyber Threat Hunter,,overview,,performing hypothesis-based threat hunt & incident response utilizing
cfocus_software_incorporated_cyber_threat_hunter_4384085282__overview__005,cfocus_software_incorporated_cyber_threat_hunter_4384085282,Cfocus Software Incorporated Cyber Threat Hunter,Cfocus Software Incorporated,Cyber Threat Hunter,,overview,,collecting and analyzing data from compromised systems using EDR agents (e.g.
cfocus_software_incorporated_cyber_threat_hunter_4384085282__requirement__006,cfocus_software_incorporated_cyber_threat_hunter_4384085282,Cfocus Software Incorporated Cyber Threat Hunter,Cfocus Software Incorporated,Cyber Threat Hunter,,requirement,,3-5 years of experience
cfocus_software_incorporated_cyber_threat_hunter_4384085282__overview__007,cfocus_software_incorporated_cyber_threat_hunter_4384085282,Cfocus Software Incorporated Cyber Threat Hunter,Cfocus Software Incorporated,Cyber Threat Hunter,,overview,,for threat hunting within Microsoft Azure;
cfocus_software_incorporated_cyber_threat_hunter_4384085282__overview__008,cfocus_software_incorporated_cyber_threat_hunter_4384085282,Cfocus Software Incorporated Cyber Threat Hunter,Cfocus Software Incorporated,Cyber Threat Hunter,,overview,,for vulnerability management;
cfocus_software_incorporated_cyber_threat_hunter_4384085282__overview__009,cfocus_software_incorporated_cyber_threat_hunter_4384085282,Cfocus Software Incorporated Cyber Threat Hunter,Cfocus Software Incorporated,Cyber Threat Hunter,,overview,,for analyzing network traffic flow;
cfocus_software_incorporated_cyber_threat_hunter_4384085282__overview__010,cfocus_software_incorporated_cyber_threat_hunter_4384085282,Cfocus Software Incorporated Cyber Threat Hunter,Cfocus Software Incorporated,Cyber Threat Hunter,,overview,,GIAC Certified Intrusion Analyst (GCIA)
cfocus_software_incorporated_cyber_threat_hunter_4384085282__overview__011,cfocus_software_incorporated_cyber_threat_hunter_4384085282,Cfocus Software Incorporated Cyber Threat Hunter,Cfocus Software Incorporated,Cyber Threat Hunter,,overview,,GIAC Certified Incident Handler (GCIH)
cfocus_software_incorporated_cyber_threat_hunter_4384085282__overview__012,cfocus_software_incorporated_cyber_threat_hunter_4384085282,Cfocus Software Incorporated Cyber Threat Hunter,Cfocus Software Incorporated,Cyber Threat Hunter,,overview,,GIAC Continuous Monitoring (GMON)
cfocus_software_incorporated_cyber_threat_hunter_4384085282__overview__013,cfocus_software_incorporated_cyber_threat_hunter_4384085282,Cfocus Software Incorporated Cyber Threat Hunter,Cfocus Software Incorporated,Cyber Threat Hunter,,overview,,GIAC Defending Advanced Threats (GDAT)
cfocus_software_incorporated_cyber_threat_hunter_4384085282__overview__014,cfocus_software_incorporated_cyber_threat_hunter_4384085282,Cfocus Software Incorporated Cyber Threat Hunter,Cfocus Software Incorporated,Cyber Threat Hunter,,overview,,Provide incident response services after an incident is declared and provides a service that proactively searches for security incidents that would not normally be detected through automated alerting.
cfocus_software_incorporated_cyber_threat_hunter_4384085282__overview__015,cfocus_software_incorporated_cyber_threat_hunter_4384085282,Cfocus Software Incorporated Cyber Threat Hunter,Cfocus Software Incorporated,Cyber Threat Hunter,,overview,,The Threat Hunt mission is to explore datasets across the judicial fabric to identify unique anomalies that may be indicative of threat actor activity based on the assumption that the adversary is already present in the judicial fabric.
cfocus_software_incorporated_cyber_threat_hunter_4384085282__overview__016,cfocus_software_incorporated_cyber_threat_hunter_4384085282,Cfocus Software Incorporated Cyber Threat Hunter,Cfocus Software Incorporated,Cyber Threat Hunter,,overview,,"Accept and respond to government technical requests through the AOUSC ITSM ticket (e.g., HEAT or Service Now), for threat hunt support."
cfocus_software_incorporated_cyber_threat_hunter_4384085282__overview__017,cfocus_software_incorporated_cyber_threat_hunter_4384085282,Cfocus Software Incorporated Cyber Threat Hunter,Cfocus Software Incorporated,Cyber Threat Hunter,,overview,,"Threat hunt targets include cloud-based and non-cloud-based applications such as: Microsoft Azure, Microsoft O365, Microsoft Active Directory, and Cloud Access Security Brokers (i.e., Zscaler)."
cfocus_software_incorporated_cyber_threat_hunter_4384085282__overview__018,cfocus_software_incorporated_cyber_threat_hunter_4384085282,Cfocus Software Incorporated Cyber Threat Hunter,Cfocus Software Incorporated,Cyber Threat Hunter,,overview,,Review and analyze risk-based Security information and event management (SIEM) alerts when developing hunt hypotheses.
cfocus_software_incorporated_cyber_threat_hunter_4384085282__overview__019,cfocus_software_incorporated_cyber_threat_hunter_4384085282,Cfocus Software Incorporated Cyber Threat Hunter,Cfocus Software Incorporated,Cyber Threat Hunter,,overview,,Review open-source intelligence about threat actors when developing hunt hypotheses.
cfocus_software_incorporated_cyber_threat_hunter_4384085282__overview__020,cfocus_software_incorporated_cyber_threat_hunter_4384085282,Cfocus Software Incorporated Cyber Threat Hunter,Cfocus Software Incorporated,Cyber Threat Hunter,,overview,,"Plan, conduct, and document iterative, hypothesis based, tactics, techniques, and procedures (TTP) hunts utilizing the agile scrum project management methodology."
cfocus_software_incorporated_cyber_threat_hunter_4384085282__overview__021,cfocus_software_incorporated_cyber_threat_hunter_4384085282,Cfocus Software Incorporated Cyber Threat Hunter,Cfocus Software Incorporated,Cyber Threat Hunter,,overview,,"At the conclusion of each hunt, propose, discuss, and document custom searches for automated detection of threat actor activity based on the hunt hypothesis."
cfocus_software_incorporated_cyber_threat_hunter_4384085282__overview__022,cfocus_software_incorporated_cyber_threat_hunter_4384085282,Cfocus Software Incorporated Cyber Threat Hunter,Cfocus Software Incorporated,Cyber Threat Hunter,,overview,,"Configure, deploy, and troubleshoot Endpoint Detection and Response agents (e.g., CrowdStrike and Sysmon)."
cfocus_software_incorporated_cyber_threat_hunter_4384085282__overview__023,cfocus_software_incorporated_cyber_threat_hunter_4384085282,Cfocus Software Incorporated Cyber Threat Hunter,Cfocus Software Incorporated,Cyber Threat Hunter,,overview,,Collect and analyze data from compromised systems using EDR agents and custom scripts provided by the AOUSC.
cfocus_software_incorporated_cyber_threat_hunter_4384085282__overview__024,cfocus_software_incorporated_cyber_threat_hunter_4384085282,Cfocus Software Incorporated Cyber Threat Hunter,Cfocus Software Incorporated,Cyber Threat Hunter,,overview,,Track and document cyber defense incidents from initial detection through final resolution.
cfocus_software_incorporated_cyber_threat_hunter_4384085282__overview__025,cfocus_software_incorporated_cyber_threat_hunter_4384085282,Cfocus Software Incorporated Cyber Threat Hunter,Cfocus Software Incorporated,Cyber Threat Hunter,,overview,,Participate in government led after action reviews of incidents.
cfocus_software_incorporated_cyber_threat_hunter_4384085282__requirement__026,cfocus_software_incorporated_cyber_threat_hunter_4384085282,Cfocus Software Incorporated Cyber Threat Hunter,Cfocus Software Incorporated,Cyber Threat Hunter,,requirement,,: Hunt hypotheses describe how an actor might operate in the network while remaining undetected.
cfocus_software_incorporated_cyber_threat_hunter_4384085282__requirement__027,cfocus_software_incorporated_cyber_threat_hunter_4384085282,Cfocus Software Incorporated Cyber Threat Hunter,Cfocus Software Incorporated,Cyber Threat Hunter,,requirement,,The hypothesis describes what is expected to happen if the hypothesis is true and what is expected to happen if the hypothesis is false.
cfocus_software_incorporated_cyber_threat_hunter_4384085282__requirement__028,cfocus_software_incorporated_cyber_threat_hunter_4384085282,Cfocus Software Incorporated Cyber Threat Hunter,Cfocus Software Incorporated,Cyber Threat Hunter,,requirement,,"The hypothesis contains all data required, is free from errors in grammar, spelling, content, and submitted in the specified times that are stated in the deliverable section."
cfocus_software_incorporated_cyber_threat_hunter_4384085282__requirement__029,cfocus_software_incorporated_cyber_threat_hunter_4384085282,Cfocus Software Incorporated Cyber Threat Hunter,Cfocus Software Incorporated,Cyber Threat Hunter,,requirement,,: Hunt reports describe the original hypothesis and all iterations.
cfocus_software_incorporated_cyber_threat_hunter_4384085282__requirement__030,cfocus_software_incorporated_cyber_threat_hunter_4384085282,Cfocus Software Incorporated Cyber Threat Hunter,Cfocus Software Incorporated,Cyber Threat Hunter,,requirement,,"At each stage, the report details how the hypothesis was tested and the results."
cfocus_software_incorporated_cyber_threat_hunter_4384085282__requirement__031,cfocus_software_incorporated_cyber_threat_hunter_4384085282,Cfocus Software Incorporated Cyber Threat Hunter,Cfocus Software Incorporated,Cyber Threat Hunter,,requirement,,"The reports contain all data required, is free from errors in grammar, spelling, content, and submitted in the specified times that are stated in the deliverable section."
cfocus_software_incorporated_cyber_threat_hunter_4384085282__overview__032,cfocus_software_incorporated_cyber_threat_hunter_4384085282,Cfocus Software Incorporated Cyber Threat Hunter,Cfocus Software Incorporated,Cyber Threat Hunter,,overview,,Document and test detection logic for automated detection of threat actor activity based on hunt hypothesis.
cfocus_software_incorporated_cyber_threat_hunter_4384085282__overview__033,cfocus_software_incorporated_cyber_threat_hunter_4384085282,Cfocus Software Incorporated Cyber Threat Hunter,Cfocus Software Incorporated,Cyber Threat Hunter,,overview,,Detection logic in the form of Splunk Enterprise Security (ES) searches that are run at proposed intervals.
cfocus_software_incorporated_cyber_threat_hunter_4384085282__overview__034,cfocus_software_incorporated_cyber_threat_hunter_4384085282,Cfocus Software Incorporated Cyber Threat Hunter,Cfocus Software Incorporated,Cyber Threat Hunter,,overview,,: Timely Advanced SME IR Support for Priority 1 Security Events.
cfocus_software_incorporated_cyber_threat_hunter_4384085282__overview__035,cfocus_software_incorporated_cyber_threat_hunter_4384085282,Cfocus Software Incorporated Cyber Threat Hunter,Cfocus Software Incorporated,Cyber Threat Hunter,,overview,,Document all incident details in an incident report.
cfocus_software_incorporated_cyber_threat_hunter_4384085282__overview__036,cfocus_software_incorporated_cyber_threat_hunter_4384085282,Cfocus Software Incorporated Cyber Threat Hunter,Cfocus Software Incorporated,Cyber Threat Hunter,,overview,,"Report shall include executive summary, details of incident, security impact of incident, timeline of incident, and actions taken."
cfocus_software_incorporated_cyber_threat_hunter_4384085282__overview__037,cfocus_software_incorporated_cyber_threat_hunter_4384085282,Cfocus Software Incorporated Cyber Threat Hunter,Cfocus Software Incorporated,Cyber Threat Hunter,,overview,,"to the AOUSC Program Manager that documents all activities, tasks, tickets and documents worked on."
cfocus_software_incorporated_cyber_threat_hunter_4384085282__overview__038,cfocus_software_incorporated_cyber_threat_hunter_4384085282,Cfocus Software Incorporated Cyber Threat Hunter,Cfocus Software Incorporated,Cyber Threat Hunter,,overview,,Standard Operation Procedures (SOPs)
cfocus_software_incorporated_cyber_threat_hunter_4384085282__overview__039,cfocus_software_incorporated_cyber_threat_hunter_4384085282,Cfocus Software Incorporated Cyber Threat Hunter,Cfocus Software Incorporated,Cyber Threat Hunter,,overview,,and playbooks for security use cases.
cfocus_software_incorporated_senior_threat_hunter_4384079554__overview__001,cfocus_software_incorporated_senior_threat_hunter_4384079554,Cfocus Software Incorporated Senior Threat Hunter,Cfocus Software Incorporated,Senior Threat Hunter,,overview,,"cFocus Software seeks a Threat Hunter to support the Administrative Offices of the United States Courts (AOUSC) in Washington, DC."
cfocus_software_incorporated_senior_threat_hunter_4384079554__overview__002,cfocus_software_incorporated_senior_threat_hunter_4384079554,Cfocus Software Incorporated Senior Threat Hunter,Cfocus Software Incorporated,Senior Threat Hunter,,overview,,This position will require 4 days a week onsite at the Thurgood Marshall Building and 1 day remote with hours of 8am- 4:30pm.
cfocus_software_incorporated_senior_threat_hunter_4384079554__requirement__003,cfocus_software_incorporated_senior_threat_hunter_4384079554,Cfocus Software Incorporated Senior Threat Hunter,Cfocus Software Incorporated,Senior Threat Hunter,,requirement,,Ability to obtain a Public Trust
cfocus_software_incorporated_senior_threat_hunter_4384079554__requirement__004,cfocus_software_incorporated_senior_threat_hunter_4384079554,Cfocus Software Incorporated Senior Threat Hunter,Cfocus Software Incorporated,Senior Threat Hunter,,requirement,,5 years of experience
cfocus_software_incorporated_senior_threat_hunter_4384079554__overview__005,cfocus_software_incorporated_senior_threat_hunter_4384079554,Cfocus Software Incorporated Senior Threat Hunter,Cfocus Software Incorporated,Senior Threat Hunter,,overview,,"performing threat hunts & incident response activities for cloud-based and non-cloud-based environments, such as:"
cfocus_software_incorporated_senior_threat_hunter_4384079554__overview__006,cfocus_software_incorporated_senior_threat_hunter_4384079554,Cfocus Software Incorporated Senior Threat Hunter,Cfocus Software Incorporated,Senior Threat Hunter,,overview,,performing hypothesis-based threat hunt & incident response utilizing
cfocus_software_incorporated_senior_threat_hunter_4384079554__overview__007,cfocus_software_incorporated_senior_threat_hunter_4384079554,Cfocus Software Incorporated Senior Threat Hunter,Cfocus Software Incorporated,Senior Threat Hunter,,overview,,collecting and analyzing data from compromised systems using EDR agents (e.g.
cfocus_software_incorporated_senior_threat_hunter_4384079554__overview__008,cfocus_software_incorporated_senior_threat_hunter_4384079554,Cfocus Software Incorporated Senior Threat Hunter,Cfocus Software Incorporated,Senior Threat Hunter,,overview,,for threat hunting within Microsoft Azure;
cfocus_software_incorporated_senior_threat_hunter_4384079554__overview__009,cfocus_software_incorporated_senior_threat_hunter_4384079554,Cfocus Software Incorporated Senior Threat Hunter,Cfocus Software Incorporated,Senior Threat Hunter,,overview,,for vulnerability management;
cfocus_software_incorporated_senior_threat_hunter_4384079554__overview__010,cfocus_software_incorporated_senior_threat_hunter_4384079554,Cfocus Software Incorporated Senior Threat Hunter,Cfocus Software Incorporated,Senior Threat Hunter,,overview,,for analyzing network traffic flow;
cfocus_software_incorporated_senior_threat_hunter_4384079554__overview__011,cfocus_software_incorporated_senior_threat_hunter_4384079554,Cfocus Software Incorporated Senior Threat Hunter,Cfocus Software Incorporated,Senior Threat Hunter,,overview,,GIAC Certified Intrusion Analyst (GCIA)
cfocus_software_incorporated_senior_threat_hunter_4384079554__overview__012,cfocus_software_incorporated_senior_threat_hunter_4384079554,Cfocus Software Incorporated Senior Threat Hunter,Cfocus Software Incorporated,Senior Threat Hunter,,overview,,GIAC Certified Incident Handler (GCIH)
cfocus_software_incorporated_senior_threat_hunter_4384079554__overview__013,cfocus_software_incorporated_senior_threat_hunter_4384079554,Cfocus Software Incorporated Senior Threat Hunter,Cfocus Software Incorporated,Senior Threat Hunter,,overview,,GIAC Continuous Monitoring (GMON)
cfocus_software_incorporated_senior_threat_hunter_4384079554__overview__014,cfocus_software_incorporated_senior_threat_hunter_4384079554,Cfocus Software Incorporated Senior Threat Hunter,Cfocus Software Incorporated,Senior Threat Hunter,,overview,,GIAC Defending Advanced Threats (GDAT)
cfocus_software_incorporated_senior_threat_hunter_4384079554__overview__015,cfocus_software_incorporated_senior_threat_hunter_4384079554,Cfocus Software Incorporated Senior Threat Hunter,Cfocus Software Incorporated,Senior Threat Hunter,,overview,,Provide incident response services after an incident is declared and provides a service that proactively searches for security incidents that would not normally be detected through automated alerting.
cfocus_software_incorporated_senior_threat_hunter_4384079554__overview__016,cfocus_software_incorporated_senior_threat_hunter_4384079554,Cfocus Software Incorporated Senior Threat Hunter,Cfocus Software Incorporated,Senior Threat Hunter,,overview,,The Threat Hunt mission is to explore datasets across the judicial fabric to identify unique anomalies that may be indicative of threat actor activity based on the assumption that the adversary is already present in the judicial fabric.
cfocus_software_incorporated_senior_threat_hunter_4384079554__overview__017,cfocus_software_incorporated_senior_threat_hunter_4384079554,Cfocus Software Incorporated Senior Threat Hunter,Cfocus Software Incorporated,Senior Threat Hunter,,overview,,"The extended mission is to conduct counterintelligence, build threat actor dossiers, disrupt adversary operations, identify misconfigurations/ vulnerabilities, and identify visibility/detection gaps, if any."
cfocus_software_incorporated_senior_threat_hunter_4384079554__overview__018,cfocus_software_incorporated_senior_threat_hunter_4384079554,Cfocus Software Incorporated Senior Threat Hunter,Cfocus Software Incorporated,Senior Threat Hunter,,overview,,Human analytical thinking is imperative to the primary and extended missions as it is up to the threat hunter to find signs of an intrusion that have bypassed the automatic detection process that may already be in place.
cfocus_software_incorporated_senior_threat_hunter_4384079554__overview__019,cfocus_software_incorporated_senior_threat_hunter_4384079554,Cfocus Software Incorporated Senior Threat Hunter,Cfocus Software Incorporated,Senior Threat Hunter,,overview,,"Accept and respond to government technical requests through the AOUSC ITSM ticket (e.g., HEAT or Service Now), for threat hunt support."
cfocus_software_incorporated_senior_threat_hunter_4384079554__overview__020,cfocus_software_incorporated_senior_threat_hunter_4384079554,Cfocus Software Incorporated Senior Threat Hunter,Cfocus Software Incorporated,Senior Threat Hunter,,overview,,"Threat hunt targets include cloud-based and non-cloud-based applications such as: Microsoft Azure, Microsoft O365, Microsoft Active Directory, and Cloud Access Security Brokers (i.e., Zscaler)."
cfocus_software_incorporated_senior_threat_hunter_4384079554__overview__021,cfocus_software_incorporated_senior_threat_hunter_4384079554,Cfocus Software Incorporated Senior Threat Hunter,Cfocus Software Incorporated,Senior Threat Hunter,,overview,,Review and analyze risk-based Security information and event management (SIEM) alerts when developing hunt hypotheses.
cfocus_software_incorporated_senior_threat_hunter_4384079554__overview__022,cfocus_software_incorporated_senior_threat_hunter_4384079554,Cfocus Software Incorporated Senior Threat Hunter,Cfocus Software Incorporated,Senior Threat Hunter,,overview,,Review open-source intelligence about threat actors when developing hunt hypotheses.
cfocus_software_incorporated_senior_threat_hunter_4384079554__overview__023,cfocus_software_incorporated_senior_threat_hunter_4384079554,Cfocus Software Incorporated Senior Threat Hunter,Cfocus Software Incorporated,Senior Threat Hunter,,overview,,"Plan, conduct, and document iterative, hypothesis based, tactics, techniques, and procedures (TTP) hunts utilizing the agile scrum project management methodology."
cfocus_software_incorporated_senior_threat_hunter_4384079554__overview__024,cfocus_software_incorporated_senior_threat_hunter_4384079554,Cfocus Software Incorporated Senior Threat Hunter,Cfocus Software Incorporated,Senior Threat Hunter,,overview,,"At the conclusion of each hunt, propose, discuss, and document custom searches for automated detection of threat actor activity based on the hunt hypothesis."
cfocus_software_incorporated_senior_threat_hunter_4384079554__overview__025,cfocus_software_incorporated_senior_threat_hunter_4384079554,Cfocus Software Incorporated Senior Threat Hunter,Cfocus Software Incorporated,Senior Threat Hunter,,overview,,"Configure, deploy, and troubleshoot Endpoint Detection and Response agents (e.g., CrowdStrike and Sysmon)."
cfocus_software_incorporated_senior_threat_hunter_4384079554__overview__026,cfocus_software_incorporated_senior_threat_hunter_4384079554,Cfocus Software Incorporated Senior Threat Hunter,Cfocus Software Incorporated,Senior Threat Hunter,,overview,,Collect and analyze data from compromised systems using EDR agents and custom scripts provided by the AOUSC.
cfocus_software_incorporated_senior_threat_hunter_4384079554__overview__027,cfocus_software_incorporated_senior_threat_hunter_4384079554,Cfocus Software Incorporated Senior Threat Hunter,Cfocus Software Incorporated,Senior Threat Hunter,,overview,,Track and document cyber defense incidents from initial detection through final resolution.
cfocus_software_incorporated_senior_threat_hunter_4384079554__overview__028,cfocus_software_incorporated_senior_threat_hunter_4384079554,Cfocus Software Incorporated Senior Threat Hunter,Cfocus Software Incorporated,Senior Threat Hunter,,overview,,Participate in government led after action reviews of incidents.
tenex_ai_threat_hunter_4398837908__overview__001,tenex_ai_threat_hunter_4398837908,Tenex AI Threat Hunter,Tenex AI,Threat Hunter,,overview,,"TENEX is an AI-native, automation-first, built-for-scale Managed Detection and Response (MDR) provider."
tenex_ai_threat_hunter_4398837908__overview__002,tenex_ai_threat_hunter_4398837908,Tenex AI Threat Hunter,Tenex AI,Threat Hunter,,overview,NOISE,"We are a force multiplier for defenders, helping organizations enhance their cybersecurity posture through advanced threat detection, rapid response, and continuous protection."
tenex_ai_threat_hunter_4398837908__overview__003,tenex_ai_threat_hunter_4398837908,Tenex AI Threat Hunter,Tenex AI,Threat Hunter,,overview,NOISE,"Our team is composed of industry experts with deep experience in cybersecurity, automation and AI-driven solutions."
tenex_ai_threat_hunter_4398837908__overview__004,tenex_ai_threat_hunter_4398837908,Tenex AI Threat Hunter,Tenex AI,Threat Hunter,,overview,NOISE,"As an early employee, you’ll play a meaningful role in defining and building our culture."
tenex_ai_threat_hunter_4398837908__overview__005,tenex_ai_threat_hunter_4398837908,Tenex AI Threat Hunter,Tenex AI,Threat Hunter,,overview,NOISE,We’re a small but well-funded team that just raised a substantial round – joining now comes with limited risk and unlimited upside
tenex_ai_threat_hunter_4398837908__overview__006,tenex_ai_threat_hunter_4398837908,Tenex AI Threat Hunter,Tenex AI,Threat Hunter,,overview,NOISE,to join our Security Operations team.
tenex_ai_threat_hunter_4398837908__overview__007,tenex_ai_threat_hunter_4398837908,Tenex AI Threat Hunter,Tenex AI,Threat Hunter,,overview,,"The ideal candidate will have a strong background in hypothesis-driven data analysis, including long tail and anomaly detection, cybersecurity, coupled with experience in leveraging AI and machine learning (ML) technologies, particularly in the context of Google’s SecOps platform (e.g."
tenex_ai_threat_hunter_4398837908__overview__008,tenex_ai_threat_hunter_4398837908,Tenex AI Threat Hunter,Tenex AI,Threat Hunter,,overview,,"Google Chronicle), to enhance the detection, analysis, and response to security incidents."
tenex_ai_threat_hunter_4398837908__overview__009,tenex_ai_threat_hunter_4398837908,Tenex AI Threat Hunter,Tenex AI,Threat Hunter,,overview,,"This role is integral to safeguarding the organization's digital infrastructure, ensuring rapid detection of threats, and supporting continuous improvement of security processes."
tenex_ai_threat_hunter_4398837908__role__010,tenex_ai_threat_hunter_4398837908,Tenex AI Threat Hunter,Tenex AI,Threat Hunter,,role,,"Proactively search for indicators of compromise (IOCs) and tactics, techniques, and procedures (TTPs) used by threat actors."
tenex_ai_threat_hunter_4398837908__role__011,tenex_ai_threat_hunter_4398837908,Tenex AI Threat Hunter,Tenex AI,Threat Hunter,,role,,"Analyze and correlate security telemetry from various sources, including SIEM, EDR, network logs, and threat intelligence feeds."
tenex_ai_threat_hunter_4398837908__role__012,tenex_ai_threat_hunter_4398837908,Tenex AI Threat Hunter,Tenex AI,Threat Hunter,,role,,Conduct threat modeling and hypothesis-driven investigations to uncover hidden threats.
tenex_ai_threat_hunter_4398837908__role__013,tenex_ai_threat_hunter_4398837908,Tenex AI Threat Hunter,Tenex AI,Threat Hunter,,role,,Collaborate with SOC analysts and incident responders to investigate and contain security incidents.
tenex_ai_threat_hunter_4398837908__role__014,tenex_ai_threat_hunter_4398837908,Tenex AI Threat Hunter,Tenex AI,Threat Hunter,,role,,"Develop and refine detection rules, signatures, and threat hunting methodologies."
tenex_ai_threat_hunter_4398837908__role__015,tenex_ai_threat_hunter_4398837908,Tenex AI Threat Hunter,Tenex AI,Threat Hunter,,role,,"Stay ahead of emerging threats by researching new attack vectors, adversary techniques, and malware trends."
tenex_ai_threat_hunter_4398837908__role__016,tenex_ai_threat_hunter_4398837908,Tenex AI Threat Hunter,Tenex AI,Threat Hunter,,role,,"Provide detailed reports on findings, including mitigation strategies and recommendations."
tenex_ai_threat_hunter_4398837908__role__017,tenex_ai_threat_hunter_4398837908,Tenex AI Threat Hunter,Tenex AI,Threat Hunter,,role,,Contribute to the continuous improvement of threat detection capabilities through automation and AI-driven analysis.
tenex_ai_threat_hunter_4398837908__role__018,tenex_ai_threat_hunter_4398837908,Tenex AI Threat Hunter,Tenex AI,Threat Hunter,,role,,"Monitor security alerts and events across the enterprise network, using both traditional cybersecurity tools and AI/ML-powered threat detection systems."
tenex_ai_threat_hunter_4398837908__role__019,tenex_ai_threat_hunter_4398837908,Tenex AI Threat Hunter,Tenex AI,Threat Hunter,,role,,"Leverage Google Chronicle's capabilities for threat intelligence and log analysis, enhancing visibility and providing insights into potential security incidents."
tenex_ai_threat_hunter_4398837908__role__020,tenex_ai_threat_hunter_4398837908,Tenex AI Threat Hunter,Tenex AI,Threat Hunter,,role,,"Apply AI to identify patterns, anomalies, and behaviors indicative of potential security incidents, reducing false positives and improving detection accuracy."
tenex_ai_threat_hunter_4398837908__role__021,tenex_ai_threat_hunter_4398837908,Tenex AI Threat Hunter,Tenex AI,Threat Hunter,,role,,"Investigate and analyze security incidents and breaches, leveraging AI to automate initial analysis and enhance threat hunting efforts."
tenex_ai_threat_hunter_4398837908__role__022,tenex_ai_threat_hunter_4398837908,Tenex AI Threat Hunter,Tenex AI,Threat Hunter,,role,,"Utilize Google SecOps and Chronicle’s advanced tools to centralize security data, correlate events, and accelerate incident response workflows."
tenex_ai_threat_hunter_4398837908__role__023,tenex_ai_threat_hunter_4398837908,Tenex AI Threat Hunter,Tenex AI,Threat Hunter,,role,,"Apply machine learning algorithms to identify emerging threats and trends, providing actionable insights for incident response."
tenex_ai_threat_hunter_4398837908__role__024,tenex_ai_threat_hunter_4398837908,Tenex AI Threat Hunter,Tenex AI,Threat Hunter,,role,,"Work with Google SecOps platform tools to streamline security operations, improve threat visibility, and automate workflows."
tenex_ai_threat_hunter_4398837908__role__025,tenex_ai_threat_hunter_4398837908,Tenex AI Threat Hunter,Tenex AI,Threat Hunter,,role,,"Collaborate with IT, Security, and Data Science teams to integrate Google Chronicle’s capabilities into the SOC, enhancing threat detection and incident resolution."
tenex_ai_threat_hunter_4398837908__role__026,tenex_ai_threat_hunter_4398837908,Tenex AI Threat Hunter,Tenex AI,Threat Hunter,,role,,"Optimize Google Chronicle for log management, threat hunting, and advanced analytics."
tenex_ai_threat_hunter_4398837908__role__027,tenex_ai_threat_hunter_4398837908,Tenex AI Threat Hunter,Tenex AI,Threat Hunter,,role,,"Develop and maintain automated workflows for common security incidents, leveraging AI for intelligent decision-making and faster response times."
tenex_ai_threat_hunter_4398837908__role__028,tenex_ai_threat_hunter_4398837908,Tenex AI Threat Hunter,Tenex AI,Threat Hunter,,role,,"Automate routine SOC tasks such as log analysis, incident classification, and threat intelligence enrichment using Google SecOps and Chronicle integrations."
tenex_ai_threat_hunter_4398837908__role__029,tenex_ai_threat_hunter_4398837908,Tenex AI Threat Hunter,Tenex AI,Threat Hunter,,role,,"Create detailed incident reports, risk assessments, and threat intelligence summaries, integrating AI-driven findings and insights."
tenex_ai_threat_hunter_4398837908__role__030,tenex_ai_threat_hunter_4398837908,Tenex AI Threat Hunter,Tenex AI,Threat Hunter,,role,,"Prepare regular performance and security posture reports for internal stakeholders, highlighting key AI-driven improvements and threat mitigation outcomes."
tenex_ai_threat_hunter_4398837908__role__031,tenex_ai_threat_hunter_4398837908,Tenex AI Threat Hunter,Tenex AI,Threat Hunter,,role,,"Work closely with cross-functional teams (e.g., IT, Customer Success, DevOps, Engineering, Data Science) to promote and improve AI-driven security initiatives and improve the customers' overall security posture."
tenex_ai_threat_hunter_4398837908__requirement__032,tenex_ai_threat_hunter_4398837908,Tenex AI Threat Hunter,Tenex AI,Threat Hunter,,requirement,,Share knowledge of AI-powered security techniques and Google SecOps tools with SOC team members to enhance their capabilities in threat detection and incident response.
tenex_ai_threat_hunter_4398837908__requirement__033,tenex_ai_threat_hunter_4398837908,Tenex AI Threat Hunter,Tenex AI,Threat Hunter,,requirement,,"Education: Bachelor’s degree in Computer Science, Information Security, or a related field, or equivalent work experience."
tenex_ai_threat_hunter_4398837908__preferred__034,tenex_ai_threat_hunter_4398837908,Tenex AI Threat Hunter,Tenex AI,Threat Hunter,,preferred,,"Relevant certifications (e.g., CISSP, CISM, CEH) are a plus."
tenex_ai_threat_hunter_4398837908__requirement__035,tenex_ai_threat_hunter_4398837908,Tenex AI Threat Hunter,Tenex AI,Threat Hunter,,requirement,,"3+ years of experience in a Threat Hunting, Security Operations Center (SOC) or a similar security-focused role."
tenex_ai_threat_hunter_4398837908__requirement__036,tenex_ai_threat_hunter_4398837908,Tenex AI Threat Hunter,Tenex AI,Threat Hunter,,requirement,,"Strong understanding of attacker methodologies, malware analysis, and digital forensics."
tenex_ai_threat_hunter_4398837908__requirement__037,tenex_ai_threat_hunter_4398837908,Tenex AI Threat Hunter,Tenex AI,Threat Hunter,,requirement,,"Hands-on experience with security tools such as SIEM, EDR, SOAR, and forensic analysis platforms."
tenex_ai_threat_hunter_4398837908__requirement__038,tenex_ai_threat_hunter_4398837908,Tenex AI Threat Hunter,Tenex AI,Threat Hunter,,requirement,,"Proficiency in scripting languages (Python, PowerShell, etc.) for automating threat detection and analysis."
tenex_ai_threat_hunter_4398837908__requirement__039,tenex_ai_threat_hunter_4398837908,Tenex AI Threat Hunter,Tenex AI,Threat Hunter,,requirement,,"Interest in applying automation and/or artificial intelligence and machine learning techniques to cybersecurity tasks, such as threat detection, anomaly detection, and security automation."
tenex_ai_threat_hunter_4398837908__requirement__040,tenex_ai_threat_hunter_4398837908,Tenex AI Threat Hunter,Tenex AI,Threat Hunter,,requirement,,"Hands-on experience with security analytics, log management, threat hunting, and incident response"
tenex_ai_threat_hunter_4398837908__preferred__041,tenex_ai_threat_hunter_4398837908,Tenex AI Threat Hunter,Tenex AI,Threat Hunter,,preferred,,Hands-on experience with Google SecOps platform (Google Chronicle) is a strong plus.
tenex_ai_threat_hunter_4398837908__preferred__042,tenex_ai_threat_hunter_4398837908,Tenex AI Threat Hunter,Tenex AI,Threat Hunter,,preferred,,"Hands-on experience with the Microsoft security platform (Sentinel, Defender) is a plus."
tenex_ai_threat_hunter_4398837908__requirement__043,tenex_ai_threat_hunter_4398837908,Tenex AI Threat Hunter,Tenex AI,Threat Hunter,,requirement,,"Strong understanding of cybersecurity concepts and frameworks (e.g., NIST, Mitre, ISO, Killl Chain)."
tenex_ai_threat_hunter_4398837908__requirement__044,tenex_ai_threat_hunter_4398837908,Tenex AI Threat Hunter,Tenex AI,Threat Hunter,,requirement,,"Experience with AI/ML tools for cybersecurity, such as intrusion detection systems (IDS), SIEM tools, and security automation platforms."
tenex_ai_threat_hunter_4398837908__requirement__045,tenex_ai_threat_hunter_4398837908,Tenex AI Threat Hunter,Tenex AI,Threat Hunter,,requirement,,"Proficiency in scripting languages (e.g., Python, PowerShell) for automation and integration."
tenex_ai_threat_hunter_4398837908__requirement__046,tenex_ai_threat_hunter_4398837908,Tenex AI Threat Hunter,Tenex AI,Threat Hunter,,requirement,,"Knowledge of security technologies such as firewalls, endpoint protection, IDS/IPS, and threat intelligence platforms."
tenex_ai_threat_hunter_4398837908__preferred__047,tenex_ai_threat_hunter_4398837908,Tenex AI Threat Hunter,Tenex AI,Threat Hunter,,preferred,,Practical experience working with Google SecOps tools and Chronicle for centralized threat intelligence and event correlation a plus.
tenex_ai_threat_hunter_4398837908__requirement__048,tenex_ai_threat_hunter_4398837908,Tenex AI Threat Hunter,Tenex AI,Threat Hunter,,requirement,,Strong analytical and problem-solving skills.
tenex_ai_threat_hunter_4398837908__requirement__049,tenex_ai_threat_hunter_4398837908,Tenex AI Threat Hunter,Tenex AI,Threat Hunter,,requirement,,"Team player, ability work with internal teams and external customers."
tenex_ai_threat_hunter_4398837908__requirement__050,tenex_ai_threat_hunter_4398837908,Tenex AI Threat Hunter,Tenex AI,Threat Hunter,,requirement,,"Ability to work under pressure in a fast-paced, dynamic environment."
tenex_ai_threat_hunter_4398837908__requirement__051,tenex_ai_threat_hunter_4398837908,Tenex AI Threat Hunter,Tenex AI,Threat Hunter,,requirement,,"Experience with security orchestration, automation, and response (SOAR) platforms."
tenex_ai_threat_hunter_4398837908__requirement__052,tenex_ai_threat_hunter_4398837908,Tenex AI Threat Hunter,Tenex AI,Threat Hunter,,requirement,,"Exposure to cloud security platforms (e.g., AWS, Azure, Google Cloud) and the associated risks."
tenex_ai_threat_hunter_4398837908__requirement__053,tenex_ai_threat_hunter_4398837908,Tenex AI Threat Hunter,Tenex AI,Threat Hunter,,requirement,NOISE,Opportunity to work with cutting-edge AI-driven cybersecurity technologies and Google SecOps solutions.
tenex_ai_threat_hunter_4398837908__requirement__054,tenex_ai_threat_hunter_4398837908,Tenex AI Threat Hunter,Tenex AI,Threat Hunter,,requirement,NOISE,Collaborate with a talented and innovative team focused on continuously improving security operations.
tenex_ai_threat_hunter_4398837908__requirement__055,tenex_ai_threat_hunter_4398837908,Tenex AI Threat Hunter,Tenex AI,Threat Hunter,,requirement,NOISE,"A culture of growth and development, with opportunities to expand your knowledge in AI, cybersecurity, and emerging technologies."
tenex_ai_threat_hunter_4398837908__requirement__056,tenex_ai_threat_hunter_4398837908,Tenex AI Threat Hunter,Tenex AI,Threat Hunter,,requirement,NOISE,"If you're passionate about combining cybersecurity expertise with artificial intelligence and have experience with Google SecOps and Chronicle, we encourage you to apply!"
tenex_ai_threat_hunter_4350910382__overview__001,tenex_ai_threat_hunter_4350910382,Tenex AI Threat Hunter,Tenex AI,Threat Hunter,,overview,,"TENEX is an AI-native, automation-first, built-for-scale Managed Detection and Response (MDR) provider."
tenex_ai_threat_hunter_4350910382__overview__002,tenex_ai_threat_hunter_4350910382,Tenex AI Threat Hunter,Tenex AI,Threat Hunter,,overview,NOISE,"We are a force multiplier for defenders, helping organizations enhance their cybersecurity posture through advanced threat detection, rapid response, and continuous protection."
tenex_ai_threat_hunter_4350910382__overview__003,tenex_ai_threat_hunter_4350910382,Tenex AI Threat Hunter,Tenex AI,Threat Hunter,,overview,NOISE,"Our team is composed of industry experts with deep experience in cybersecurity, automation and AI-driven solutions."
tenex_ai_threat_hunter_4350910382__overview__004,tenex_ai_threat_hunter_4350910382,Tenex AI Threat Hunter,Tenex AI,Threat Hunter,,overview,NOISE,"As an early employee, you’ll play a meaningful role in defining and building our culture."
tenex_ai_threat_hunter_4350910382__overview__005,tenex_ai_threat_hunter_4350910382,Tenex AI Threat Hunter,Tenex AI,Threat Hunter,,overview,NOISE,We’re a small but well-funded team that just raised a substantial round – joining now comes with limited risk and unlimited upside
tenex_ai_threat_hunter_4350910382__overview__006,tenex_ai_threat_hunter_4350910382,Tenex AI Threat Hunter,Tenex AI,Threat Hunter,,overview,NOISE,to join our Security Operations team.
tenex_ai_threat_hunter_4350910382__overview__007,tenex_ai_threat_hunter_4350910382,Tenex AI Threat Hunter,Tenex AI,Threat Hunter,,overview,,"The ideal candidate will have a strong background in hypothesis-driven data analysis, including long tail and anomaly detection, cybersecurity, coupled with experience in leveraging AI and machine learning (ML) technologies, particularly in the context of Google’s SecOps platform (e.g."
tenex_ai_threat_hunter_4350910382__overview__008,tenex_ai_threat_hunter_4350910382,Tenex AI Threat Hunter,Tenex AI,Threat Hunter,,overview,,"Google Chronicle), to enhance the detection, analysis, and response to security incidents."
tenex_ai_threat_hunter_4350910382__overview__009,tenex_ai_threat_hunter_4350910382,Tenex AI Threat Hunter,Tenex AI,Threat Hunter,,overview,,"This role is integral to safeguarding the organization's digital infrastructure, ensuring rapid detection of threats, and supporting continuous improvement of security processes."
tenex_ai_threat_hunter_4350910382__role__010,tenex_ai_threat_hunter_4350910382,Tenex AI Threat Hunter,Tenex AI,Threat Hunter,,role,,"Proactively search for indicators of compromise (IOCs) and tactics, techniques, and procedures (TTPs) used by threat actors."
tenex_ai_threat_hunter_4350910382__role__011,tenex_ai_threat_hunter_4350910382,Tenex AI Threat Hunter,Tenex AI,Threat Hunter,,role,,"Analyze and correlate security telemetry from various sources, including SIEM, EDR, network logs, and threat intelligence feeds."
tenex_ai_threat_hunter_4350910382__role__012,tenex_ai_threat_hunter_4350910382,Tenex AI Threat Hunter,Tenex AI,Threat Hunter,,role,,Conduct threat modeling and hypothesis-driven investigations to uncover hidden threats.
tenex_ai_threat_hunter_4350910382__role__013,tenex_ai_threat_hunter_4350910382,Tenex AI Threat Hunter,Tenex AI,Threat Hunter,,role,,Collaborate with SOC analysts and incident responders to investigate and contain security incidents.
tenex_ai_threat_hunter_4350910382__role__014,tenex_ai_threat_hunter_4350910382,Tenex AI Threat Hunter,Tenex AI,Threat Hunter,,role,,"Develop and refine detection rules, signatures, and threat hunting methodologies."
tenex_ai_threat_hunter_4350910382__role__015,tenex_ai_threat_hunter_4350910382,Tenex AI Threat Hunter,Tenex AI,Threat Hunter,,role,,"Stay ahead of emerging threats by researching new attack vectors, adversary techniques, and malware trends."
tenex_ai_threat_hunter_4350910382__role__016,tenex_ai_threat_hunter_4350910382,Tenex AI Threat Hunter,Tenex AI,Threat Hunter,,role,,"Provide detailed reports on findings, including mitigation strategies and recommendations."
tenex_ai_threat_hunter_4350910382__role__017,tenex_ai_threat_hunter_4350910382,Tenex AI Threat Hunter,Tenex AI,Threat Hunter,,role,,Contribute to the continuous improvement of threat detection capabilities through automation and AI-driven analysis.
tenex_ai_threat_hunter_4350910382__role__018,tenex_ai_threat_hunter_4350910382,Tenex AI Threat Hunter,Tenex AI,Threat Hunter,,role,,"Monitor security alerts and events across the enterprise network, using both traditional cybersecurity tools and AI/ML-powered threat detection systems."
tenex_ai_threat_hunter_4350910382__role__019,tenex_ai_threat_hunter_4350910382,Tenex AI Threat Hunter,Tenex AI,Threat Hunter,,role,,"Leverage Google Chronicle's capabilities for threat intelligence and log analysis, enhancing visibility and providing insights into potential security incidents."
tenex_ai_threat_hunter_4350910382__role__020,tenex_ai_threat_hunter_4350910382,Tenex AI Threat Hunter,Tenex AI,Threat Hunter,,role,,"Apply AI to identify patterns, anomalies, and behaviors indicative of potential security incidents, reducing false positives and improving detection accuracy."
tenex_ai_threat_hunter_4350910382__role__021,tenex_ai_threat_hunter_4350910382,Tenex AI Threat Hunter,Tenex AI,Threat Hunter,,role,,"Investigate and analyze security incidents and breaches, leveraging AI to automate initial analysis and enhance threat hunting efforts."
tenex_ai_threat_hunter_4350910382__role__022,tenex_ai_threat_hunter_4350910382,Tenex AI Threat Hunter,Tenex AI,Threat Hunter,,role,,"Utilize Google SecOps and Chronicle’s advanced tools to centralize security data, correlate events, and accelerate incident response workflows."
tenex_ai_threat_hunter_4350910382__role__023,tenex_ai_threat_hunter_4350910382,Tenex AI Threat Hunter,Tenex AI,Threat Hunter,,role,,"Apply machine learning algorithms to identify emerging threats and trends, providing actionable insights for incident response."
tenex_ai_threat_hunter_4350910382__role__024,tenex_ai_threat_hunter_4350910382,Tenex AI Threat Hunter,Tenex AI,Threat Hunter,,role,,"Work with Google SecOps platform tools to streamline security operations, improve threat visibility, and automate workflows."
tenex_ai_threat_hunter_4350910382__role__025,tenex_ai_threat_hunter_4350910382,Tenex AI Threat Hunter,Tenex AI,Threat Hunter,,role,,"Collaborate with IT, Security, and Data Science teams to integrate Google Chronicle’s capabilities into the SOC, enhancing threat detection and incident resolution."
tenex_ai_threat_hunter_4350910382__role__026,tenex_ai_threat_hunter_4350910382,Tenex AI Threat Hunter,Tenex AI,Threat Hunter,,role,,"Optimize Google Chronicle for log management, threat hunting, and advanced analytics."
tenex_ai_threat_hunter_4350910382__role__027,tenex_ai_threat_hunter_4350910382,Tenex AI Threat Hunter,Tenex AI,Threat Hunter,,role,,"Develop and maintain automated workflows for common security incidents, leveraging AI for intelligent decision-making and faster response times."
tenex_ai_threat_hunter_4350910382__role__028,tenex_ai_threat_hunter_4350910382,Tenex AI Threat Hunter,Tenex AI,Threat Hunter,,role,,"Automate routine SOC tasks such as log analysis, incident classification, and threat intelligence enrichment using Google SecOps and Chronicle integrations."
tenex_ai_threat_hunter_4350910382__role__029,tenex_ai_threat_hunter_4350910382,Tenex AI Threat Hunter,Tenex AI,Threat Hunter,,role,,"Create detailed incident reports, risk assessments, and threat intelligence summaries, integrating AI-driven findings and insights."
tenex_ai_threat_hunter_4350910382__role__030,tenex_ai_threat_hunter_4350910382,Tenex AI Threat Hunter,Tenex AI,Threat Hunter,,role,,"Prepare regular performance and security posture reports for internal stakeholders, highlighting key AI-driven improvements and threat mitigation outcomes."
tenex_ai_threat_hunter_4350910382__role__031,tenex_ai_threat_hunter_4350910382,Tenex AI Threat Hunter,Tenex AI,Threat Hunter,,role,,"Work closely with cross-functional teams (e.g., IT, Customer Success, DevOps, Engineering, Data Science) to promote and improve AI-driven security initiatives and improve the customers' overall security posture."
tenex_ai_threat_hunter_4350910382__requirement__032,tenex_ai_threat_hunter_4350910382,Tenex AI Threat Hunter,Tenex AI,Threat Hunter,,requirement,,Share knowledge of AI-powered security techniques and Google SecOps tools with SOC team members to enhance their capabilities in threat detection and incident response.
tenex_ai_threat_hunter_4350910382__requirement__033,tenex_ai_threat_hunter_4350910382,Tenex AI Threat Hunter,Tenex AI,Threat Hunter,,requirement,,"Education: Bachelor’s degree in Computer Science, Information Security, or a related field, or equivalent work experience."
tenex_ai_threat_hunter_4350910382__preferred__034,tenex_ai_threat_hunter_4350910382,Tenex AI Threat Hunter,Tenex AI,Threat Hunter,,preferred,,"Relevant certifications (e.g., CISSP, CISM, CEH) are a plus."
tenex_ai_threat_hunter_4350910382__requirement__035,tenex_ai_threat_hunter_4350910382,Tenex AI Threat Hunter,Tenex AI,Threat Hunter,,requirement,,"3+ years of experience in a Threat Hunting, Security Operations Center (SOC) or a similar security-focused role."
tenex_ai_threat_hunter_4350910382__requirement__036,tenex_ai_threat_hunter_4350910382,Tenex AI Threat Hunter,Tenex AI,Threat Hunter,,requirement,,"Strong understanding of attacker methodologies, malware analysis, and digital forensics."
tenex_ai_threat_hunter_4350910382__requirement__037,tenex_ai_threat_hunter_4350910382,Tenex AI Threat Hunter,Tenex AI,Threat Hunter,,requirement,,"Hands-on experience with security tools such as SIEM, EDR, SOAR, and forensic analysis platforms."
tenex_ai_threat_hunter_4350910382__requirement__038,tenex_ai_threat_hunter_4350910382,Tenex AI Threat Hunter,Tenex AI,Threat Hunter,,requirement,,"Proficiency in scripting languages (Python, PowerShell, etc.) for automating threat detection and analysis."
tenex_ai_threat_hunter_4350910382__requirement__039,tenex_ai_threat_hunter_4350910382,Tenex AI Threat Hunter,Tenex AI,Threat Hunter,,requirement,,"Interest in applying automation and/or artificial intelligence and machine learning techniques to cybersecurity tasks, such as threat detection, anomaly detection, and security automation."
tenex_ai_threat_hunter_4350910382__requirement__040,tenex_ai_threat_hunter_4350910382,Tenex AI Threat Hunter,Tenex AI,Threat Hunter,,requirement,,"Hands-on experience with security analytics, log management, threat hunting, and incident response"
tenex_ai_threat_hunter_4350910382__preferred__041,tenex_ai_threat_hunter_4350910382,Tenex AI Threat Hunter,Tenex AI,Threat Hunter,,preferred,,Hands-on experience with Google SecOps platform (Google Chronicle) is a strong plus.
tenex_ai_threat_hunter_4350910382__preferred__042,tenex_ai_threat_hunter_4350910382,Tenex AI Threat Hunter,Tenex AI,Threat Hunter,,preferred,,"Hands-on experience with the Microsoft security platform (Sentinel, Defender) is a plus."
tenex_ai_threat_hunter_4350910382__requirement__043,tenex_ai_threat_hunter_4350910382,Tenex AI Threat Hunter,Tenex AI,Threat Hunter,,requirement,,"Strong understanding of cybersecurity concepts and frameworks (e.g., NIST, Mitre, ISO, Killl Chain)."
tenex_ai_threat_hunter_4350910382__requirement__044,tenex_ai_threat_hunter_4350910382,Tenex AI Threat Hunter,Tenex AI,Threat Hunter,,requirement,,"Experience with AI/ML tools for cybersecurity, such as intrusion detection systems (IDS), SIEM tools, and security automation platforms."
tenex_ai_threat_hunter_4350910382__requirement__045,tenex_ai_threat_hunter_4350910382,Tenex AI Threat Hunter,Tenex AI,Threat Hunter,,requirement,,"Proficiency in scripting languages (e.g., Python, PowerShell) for automation and integration."
tenex_ai_threat_hunter_4350910382__requirement__046,tenex_ai_threat_hunter_4350910382,Tenex AI Threat Hunter,Tenex AI,Threat Hunter,,requirement,,"Knowledge of security technologies such as firewalls, endpoint protection, IDS/IPS, and threat intelligence platforms."
tenex_ai_threat_hunter_4350910382__preferred__047,tenex_ai_threat_hunter_4350910382,Tenex AI Threat Hunter,Tenex AI,Threat Hunter,,preferred,,Practical experience working with Google SecOps tools and Chronicle for centralized threat intelligence and event correlation a plus.
tenex_ai_threat_hunter_4350910382__requirement__048,tenex_ai_threat_hunter_4350910382,Tenex AI Threat Hunter,Tenex AI,Threat Hunter,,requirement,,Strong analytical and problem-solving skills.
tenex_ai_threat_hunter_4350910382__requirement__049,tenex_ai_threat_hunter_4350910382,Tenex AI Threat Hunter,Tenex AI,Threat Hunter,,requirement,,"Team player, ability work with internal teams and external customers."
tenex_ai_threat_hunter_4350910382__requirement__050,tenex_ai_threat_hunter_4350910382,Tenex AI Threat Hunter,Tenex AI,Threat Hunter,,requirement,,"Ability to work under pressure in a fast-paced, dynamic environment."
tenex_ai_threat_hunter_4350910382__requirement__051,tenex_ai_threat_hunter_4350910382,Tenex AI Threat Hunter,Tenex AI,Threat Hunter,,requirement,,"Experience with security orchestration, automation, and response (SOAR) platforms."
tenex_ai_threat_hunter_4350910382__requirement__052,tenex_ai_threat_hunter_4350910382,Tenex AI Threat Hunter,Tenex AI,Threat Hunter,,requirement,,"Exposure to cloud security platforms (e.g., AWS, Azure, Google Cloud) and the associated risks."
tenex_ai_threat_hunter_4350910382__requirement__053,tenex_ai_threat_hunter_4350910382,Tenex AI Threat Hunter,Tenex AI,Threat Hunter,,requirement,,Opportunity to work with cutting-edge AI-driven cybersecurity technologies and Google SecOps solutions.
tenex_ai_threat_hunter_4350910382__requirement__054,tenex_ai_threat_hunter_4350910382,Tenex AI Threat Hunter,Tenex AI,Threat Hunter,,requirement,,Collaborate with a talented and innovative team focused on continuously improving security operations.
tenex_ai_threat_hunter_4350910382__requirement__055,tenex_ai_threat_hunter_4350910382,Tenex AI Threat Hunter,Tenex AI,Threat Hunter,,requirement,,"A culture of growth and development, with opportunities to expand your knowledge in AI, cybersecurity, and emerging technologies."
tenex_ai_threat_hunter_4350910382__requirement__056,tenex_ai_threat_hunter_4350910382,Tenex AI Threat Hunter,Tenex AI,Threat Hunter,,requirement,,"If you're passionate about combining cybersecurity expertise with artificial intelligence and have experience with Google SecOps and Chronicle, we encourage you to apply!"
acorns_data_analyst_i_4358261093__overview__001,acorns_data_analyst_i_4358261093,Acorns Data Analyst I,Acorns,Data Analyst I,,overview,,"Acorns is seeking a Data Analyst I to serve as a key partner for our Core Experience team, specifically focused on our Investing and Banking product lines."
acorns_data_analyst_i_4358261093__overview__002,acorns_data_analyst_i_4358261093,Acorns Data Analyst I,Acorns,Data Analyst I,,overview,,"In this role, you will leverage data to optimize the customer journey, working at the intersection of Product, Finance, and Operations to ensure our core features deliver maximum value to our customers."
acorns_data_analyst_i_4358261093__overview__003,acorns_data_analyst_i_4358261093,Acorns Data Analyst I,Acorns,Data Analyst I,,overview,,You will play a vital role in shaping the product roadmap by transforming raw data into actionable insights that drive retention and enhance the overall customer experience.
acorns_data_analyst_i_4358261093__overview__004,acorns_data_analyst_i_4358261093,Acorns Data Analyst I,Acorns,Data Analyst I,,overview,,Collaborate with the Core Experience team to drive the ideation and rigorous analysis of product experiments.
acorns_data_analyst_i_4358261093__overview__005,acorns_data_analyst_i_4358261093,Acorns Data Analyst I,Acorns,Data Analyst I,,overview,,"Partner with Product, Finance, and Operations to build and maintain robust reports and dashboards specifically for our Core Experience product lines."
acorns_data_analyst_i_4358261093__overview__006,acorns_data_analyst_i_4358261093,Acorns Data Analyst I,Acorns,Data Analyst I,,overview,,Write and optimize complex SQL queries to extract data from various sources for deep-dive analysis.
acorns_data_analyst_i_4358261093__overview__007,acorns_data_analyst_i_4358261093,Acorns Data Analyst I,Acorns,Data Analyst I,,overview,,"Utilize Databricks and DBT to transform raw data into clean, accessible datasets for the broader team."
acorns_data_analyst_i_4358261093__overview__008,acorns_data_analyst_i_4358261093,Acorns Data Analyst I,Acorns,Data Analyst I,,overview,,Design and manage intuitive Tableau dashboards that track key performance indicators (KPIs) for Investing and Banking features.
acorns_data_analyst_i_4358261093__overview__009,acorns_data_analyst_i_4358261093,Acorns Data Analyst I,Acorns,Data Analyst I,,overview,,Monitor customer behavior and product performance using Amplitude to identify opportunities for friction reduction and growth.
acorns_data_analyst_i_4358261093__overview__010,acorns_data_analyst_i_4358261093,Acorns Data Analyst I,Acorns,Data Analyst I,,overview,,"Work with managers and cross-functional teams to establish priorities, including new infrastructure and tool building."
acorns_data_analyst_i_4358261093__overview__011,acorns_data_analyst_i_4358261093,Acorns Data Analyst I,Acorns,Data Analyst I,,overview,,"3-5 years of Analytics experience, preferably supporting product development or financial services."
acorns_data_analyst_i_4358261093__requirement__012,acorns_data_analyst_i_4358261093,Acorns Data Analyst I,Acorns,Data Analyst I,,requirement,,Strong SQL skills for data extraction and experience with data visualization tools like Tableau.
acorns_data_analyst_i_4358261093__overview__013,acorns_data_analyst_i_4358261093,Acorns Data Analyst I,Acorns,Data Analyst I,,overview,,A solid understanding of statistical concepts and hands-on experience of A/B testing methodologies and product experimentation.
acorns_data_analyst_i_4358261093__requirement__014,acorns_data_analyst_i_4358261093,Acorns Data Analyst I,Acorns,Data Analyst I,,requirement,,"Familiarity with modern data stack tools such as Databricks, DBT, and product analytics platforms like Amplitude."
acorns_data_analyst_i_4358261093__requirement__015,acorns_data_analyst_i_4358261093,Acorns Data Analyst I,Acorns,Data Analyst I,,requirement,,"The ability to translate complex numerical findings into clear, persuasive recommendations for non-technical stakeholders in Finance and Operations."
acorns_data_analyst_i_4358261093__overview__016,acorns_data_analyst_i_4358261093,Acorns Data Analyst I,Acorns,Data Analyst I,,overview,,Hunger to deliver game-changing products.
acorns_data_analyst_i_4358261093__requirement__017,acorns_data_analyst_i_4358261093,Acorns Data Analyst I,Acorns,Data Analyst I,,requirement,,You are not expected to have experience with all listed requirements.
acorns_data_analyst_i_4358261093__requirement__018,acorns_data_analyst_i_4358261093,Acorns Data Analyst I,Acorns,Data Analyst I,,requirement,,"If you feel passionate about Acorns' mission, vision, and values, please apply."
acorns_data_analyst_i_4358261093__overview__019,acorns_data_analyst_i_4358261093,Acorns Data Analyst I,Acorns,Data Analyst I,,overview,,"Acorns Career Development Program (Ongoing training sessions, development plans, development check-ins, Cornerstone’s online training platform)"
acorns_data_analyst_i_4358261093__overview__020,acorns_data_analyst_i_4358261093,Acorns Data Analyst I,Acorns,Data Analyst I,,overview,,"Talented and motivated team members who care deeply about one another, our mission, and our customers."
acorns_data_analyst_i_4358261093__overview__021,acorns_data_analyst_i_4358261093,Acorns Data Analyst I,Acorns,Data Analyst I,,overview,,"Since 2014, Acorns has grown into a global company with multiple life-stage products serving the needs of kids, teens, adults, and parents."
acorns_data_analyst_i_4358261093__overview__022,acorns_data_analyst_i_4358261093,Acorns Data Analyst I,Acorns,Data Analyst I,,overview,,"however, base pay offered may vary depending on multiple individualized factors, including market location, job-related knowledge, skills, and experience."
family_dollar_data_analyst_transportation_4393497726__overview__001,family_dollar_data_analyst_transportation_4393497726,Family Dollar Data Analyst Transportation,Family Dollar,Data Analyst Transportation,,overview,,"This position is for a Data Analyst who can manage Supply Chain’s SQL server data, Big Query data warehouse, Alteryx workflow (ETL) and Tableau Dashboard development."
family_dollar_data_analyst_transportation_4393497726__overview__002,family_dollar_data_analyst_transportation_4393497726,Family Dollar Data Analyst Transportation,Family Dollar,Data Analyst Transportation,,overview,,The candidate should be an excellent Alteryx and Tableau modeler who can build from requirement documentation with limited support.
family_dollar_data_analyst_transportation_4393497726__role__003,family_dollar_data_analyst_transportation_4393497726,Family Dollar Data Analyst Transportation,Family Dollar,Data Analyst Transportation,,role,,"Performs advanced business analysis using various techniques, e.g. statistical analysis, explanatory and predictive modeling, data mining"
family_dollar_data_analyst_transportation_4393497726__role__004,family_dollar_data_analyst_transportation_4393497726,Family Dollar Data Analyst Transportation,Family Dollar,Data Analyst Transportation,,role,,"Create informative reports, dashboards, visualizations, and presentations to communicate data findings to stakeholders, translating complex information into actionable insights and opportunities for improvement"
family_dollar_data_analyst_transportation_4393497726__role__005,family_dollar_data_analyst_transportation_4393497726,Family Dollar Data Analyst Transportation,Family Dollar,Data Analyst Transportation,,role,,"Works closely with the internal or external client to understand available data elements, where they reside across various systems."
family_dollar_data_analyst_transportation_4393497726__role__006,family_dollar_data_analyst_transportation_4393497726,Family Dollar Data Analyst Transportation,Family Dollar,Data Analyst Transportation,,role,,"Manages, architects, and automates the flow of information from various source systems through the supply chain SQL Server and ultimately into the Supply Chain Data Warehouse, ensuring clean, harmonized, and accurate data."
family_dollar_data_analyst_transportation_4393497726__requirement__007,family_dollar_data_analyst_transportation_4393497726,Family Dollar Data Analyst Transportation,Family Dollar,Data Analyst Transportation,,requirement,,Ability to work and communicate with business stakeholders and technical teams while bridging the communication gap between the two.
family_dollar_data_analyst_transportation_4393497726__requirement__008,family_dollar_data_analyst_transportation_4393497726,Family Dollar Data Analyst Transportation,Family Dollar,Data Analyst Transportation,,requirement,,"Ensure a high degree of accuracy and timeliness in generating reporting outcomes for business leaders, including near-time operational reporting."
family_dollar_data_analyst_transportation_4393497726__role__009,family_dollar_data_analyst_transportation_4393497726,Family Dollar Data Analyst Transportation,Family Dollar,Data Analyst Transportation,,role,,"Conduct insightful ad hoc analyses to investigate ongoing or one-time operational issues, including key Transportation initiatives."
family_dollar_data_analyst_transportation_4393497726__role__010,family_dollar_data_analyst_transportation_4393497726,Family Dollar Data Analyst Transportation,Family Dollar,Data Analyst Transportation,,role,,"This role will also be critical in managing and integrating financial, operational, and transactional data to support our Transportation and Distribution Center (DC) network—comprising 9 DCs and handling approximately 500+ million annual case transactions."
family_dollar_data_analyst_transportation_4393497726__role__011,family_dollar_data_analyst_transportation_4393497726,Family Dollar Data Analyst Transportation,Family Dollar,Data Analyst Transportation,,role,,"Support the managing OpEx & CapEx supply chain budget, including cost optimization and ad hoc financial tracking."
family_dollar_data_analyst_transportation_4393497726__role__012,family_dollar_data_analyst_transportation_4393497726,Family Dollar Data Analyst Transportation,Family Dollar,Data Analyst Transportation,,role,,Other duties as assigned.
family_dollar_data_analyst_transportation_4393497726__requirement__013,family_dollar_data_analyst_transportation_4393497726,Family Dollar Data Analyst Transportation,Family Dollar,Data Analyst Transportation,,requirement,,"Technical expertise in SQL, Alteryx, Tableau, Power BI, and Python."
family_dollar_data_analyst_transportation_4393497726__requirement__014,family_dollar_data_analyst_transportation_4393497726,Family Dollar Data Analyst Transportation,Family Dollar,Data Analyst Transportation,,requirement,,"Strong knowledge of and experience working with data stores, data extraction & cleansing, analyzing large volumes of data using analytical tools, and in building data models."
family_dollar_data_analyst_transportation_4393497726__requirement__015,family_dollar_data_analyst_transportation_4393497726,Family Dollar Data Analyst Transportation,Family Dollar,Data Analyst Transportation,,requirement,,Knowledge of statistics and experience analyzing large datasets.
family_dollar_data_analyst_transportation_4393497726__requirement__016,family_dollar_data_analyst_transportation_4393497726,Family Dollar Data Analyst Transportation,Family Dollar,Data Analyst Transportation,,requirement,,"Strong analytical skills with the ability to collect, organize, analyze, and disseminate significant amounts of information with attention to detail and accuracy."
family_dollar_data_analyst_transportation_4393497726__requirement__017,family_dollar_data_analyst_transportation_4393497726,Family Dollar Data Analyst Transportation,Family Dollar,Data Analyst Transportation,,requirement,,"Advanced working knowledge of Microsoft PowerPoint, MS Excel"
family_dollar_data_analyst_transportation_4393497726__requirement__018,family_dollar_data_analyst_transportation_4393497726,Family Dollar Data Analyst Transportation,Family Dollar,Data Analyst Transportation,,requirement,,"Technical expertise IBM (Financial), OTM (Transport management Systems), Catalyst (Warehouse Management Systems)"
family_dollar_data_analyst_transportation_4393497726__requirement__019,family_dollar_data_analyst_transportation_4393497726,Family Dollar Data Analyst Transportation,Family Dollar,Data Analyst Transportation,,requirement,,"Bachelor's Degree - Data Science, Engineering or Mathematics"
family_dollar_data_analyst_transportation_4393497726__preferred__020,family_dollar_data_analyst_transportation_4393497726,Family Dollar Data Analyst Transportation,Family Dollar,Data Analyst Transportation,,preferred,,Master’s degree preferred.
family_dollar_data_analyst_transportation_4393497726__requirement__021,family_dollar_data_analyst_transportation_4393497726,Family Dollar Data Analyst Transportation,Family Dollar,Data Analyst Transportation,,requirement,,"3-5 years of experience working with the data required (preferably in a data warehouse, data management team, or repository)"
family_dollar_data_analyst_transportation_4393497726__requirement__022,family_dollar_data_analyst_transportation_4393497726,Family Dollar Data Analyst Transportation,Family Dollar,Data Analyst Transportation,,requirement,,"Project management, business, practice, and people development experience"
family_dollar_data_analyst_transportation_4393497726__requirement__023,family_dollar_data_analyst_transportation_4393497726,Family Dollar Data Analyst Transportation,Family Dollar,Data Analyst Transportation,,requirement,,"Expert knowledge of business intelligence reporting solutions (Tableau, MicroStrategy, Business Objects, etc.)"
netflix_data_analyst_production_finance_operations_innovation_4356282744__overview__001,netflix_data_analyst_production_finance_operations_innovation_4356282744,Netflix Data Analyst Production Finance Operations Innovation,Netflix,Data Analyst Production Finance Operations Innovation,,overview,,"We are a dream team obsessed with the uncomfortable excitement of discovering what happens when you merge creativity, intuition and cutting-edge technology."
netflix_data_analyst_production_finance_operations_innovation_4356282744__overview__002,netflix_data_analyst_production_finance_operations_innovation_4356282744,Netflix Data Analyst Production Finance Operations Innovation,Netflix,Data Analyst Production Finance Operations Innovation,,overview,,The Production Finance Operations & Innovation (O&I) team is seeking a Data Analyst to support the Production Finance team and cross-functional partners on various data projects.
netflix_data_analyst_production_finance_operations_innovation_4356282744__overview__003,netflix_data_analyst_production_finance_operations_innovation_4356282744,Netflix Data Analyst Production Finance Operations Innovation,Netflix,Data Analyst Production Finance Operations Innovation,,overview,,"The role frequently involves quick-turnaround ad hoc reports, as well as long-term analyses, strategic thinking, and stakeholder management."
netflix_data_analyst_production_finance_operations_innovation_4356282744__requirement__004,netflix_data_analyst_production_finance_operations_innovation_4356282744,Netflix Data Analyst Production Finance Operations Innovation,Netflix,Data Analyst Production Finance Operations Innovation,,requirement,,"The ideal candidate possesses strong data skills and a passion for innovation, with an interest in Production Finance or the Entertainment industry generally."
netflix_data_analyst_production_finance_operations_innovation_4356282744__requirement__005,netflix_data_analyst_production_finance_operations_innovation_4356282744,Netflix Data Analyst Production Finance Operations Innovation,Netflix,Data Analyst Production Finance Operations Innovation,,requirement,,"This position demands the ability to succeed in a highly collaborative, fast-paced setting, a passion for data work, and the ability to learn quickly."
netflix_data_analyst_production_finance_operations_innovation_4356282744__role__006,netflix_data_analyst_production_finance_operations_innovation_4356282744,Netflix Data Analyst Production Finance Operations Innovation,Netflix,Data Analyst Production Finance Operations Innovation,,role,,"Data Extraction & Transformation: Extract, clean, and transform data from core systems, including the Global Spend Report data model, Payroll Accounting Systems, and the Netflix Production Finance HUB."
netflix_data_analyst_production_finance_operations_innovation_4356282744__role__007,netflix_data_analyst_production_finance_operations_innovation_4356282744,Netflix Data Analyst Production Finance Operations Innovation,Netflix,Data Analyst Production Finance Operations Innovation,,role,,"Aggregate and correlate data to accurately report on job counts, vendor spend, and location spend across global markets."
netflix_data_analyst_production_finance_operations_innovation_4356282744__role__008,netflix_data_analyst_production_finance_operations_innovation_4356282744,Netflix Data Analyst Production Finance Operations Innovation,Netflix,Data Analyst Production Finance Operations Innovation,,role,,"Cross-Functional Collaboration: Work closely with stakeholders, including Production Finance, Public Relations & Government Relations, Finance & Strategy, Data Science & Engineering, and Studio Tech Solutions."
netflix_data_analyst_production_finance_operations_innovation_4356282744__role__009,netflix_data_analyst_production_finance_operations_innovation_4356282744,Netflix Data Analyst Production Finance Operations Innovation,Netflix,Data Analyst Production Finance Operations Innovation,,role,,"Act as a proactive thought partner, translating complex business needs into actionable data solutions."
netflix_data_analyst_production_finance_operations_innovation_4356282744__role__010,netflix_data_analyst_production_finance_operations_innovation_4356282744,Netflix Data Analyst Production Finance Operations Innovation,Netflix,Data Analyst Production Finance Operations Innovation,,role,,"Ad Hoc & Strategic Analysis: Engage in both rapid-turnaround ad hoc analyses (e.g., show-level spend, vendor breakdowns, cast and crew location analytics) and longer-term strategic projects (e.g., trend analysis, workflow optimization)."
netflix_data_analyst_production_finance_operations_innovation_4356282744__role__011,netflix_data_analyst_production_finance_operations_innovation_4356282744,Netflix Data Analyst Production Finance Operations Innovation,Netflix,Data Analyst Production Finance Operations Innovation,,role,,Provide actionable insights and clear reporting to support decision-making.
netflix_data_analyst_production_finance_operations_innovation_4356282744__role__012,netflix_data_analyst_production_finance_operations_innovation_4356282744,Netflix Data Analyst Production Finance Operations Innovation,Netflix,Data Analyst Production Finance Operations Innovation,,role,,"Technical Development & Workflow Improvement: Develop expertise in the existing data models, identify data inconsistencies, and recommend improvements to data collection and validation processes."
netflix_data_analyst_production_finance_operations_innovation_4356282744__role__013,netflix_data_analyst_production_finance_operations_innovation_4356282744,Netflix Data Analyst Production Finance Operations Innovation,Netflix,Data Analyst Production Finance Operations Innovation,,role,,Explore and utilize data tables owned by adjacent business partners to enhance data coverage and integration.
netflix_data_analyst_production_finance_operations_innovation_4356282744__role__014,netflix_data_analyst_production_finance_operations_innovation_4356282744,Netflix Data Analyst Production Finance Operations Innovation,Netflix,Data Analyst Production Finance Operations Innovation,,role,,"Data Visualization & Reporting: Analyze structured datasets to develop metrics, dashboards, and trend reports using data visualization tools such as Google Sheets, Looker, Tableau, or similar platforms."
netflix_data_analyst_production_finance_operations_innovation_4356282744__role__015,netflix_data_analyst_production_finance_operations_innovation_4356282744,Netflix Data Analyst Production Finance Operations Innovation,Netflix,Data Analyst Production Finance Operations Innovation,,role,,"Present insights in a clear, accessible manner to both technical and non-technical stakeholders."
netflix_data_analyst_production_finance_operations_innovation_4356282744__role__016,netflix_data_analyst_production_finance_operations_innovation_4356282744,Netflix Data Analyst Production Finance Operations Innovation,Netflix,Data Analyst Production Finance Operations Innovation,,role,,System & Tool Experimentation: Proactively engage in self-training and experimentation with new tools and technologies to improve analytics workflows and drive innovation.
netflix_data_analyst_production_finance_operations_innovation_4356282744__role__017,netflix_data_analyst_production_finance_operations_innovation_4356282744,Netflix Data Analyst Production Finance Operations Innovation,Netflix,Data Analyst Production Finance Operations Innovation,,role,,"Production Finance Team Support: Guide Production Finance executives on data access, analysis, and reporting."
netflix_data_analyst_production_finance_operations_innovation_4356282744__role__018,netflix_data_analyst_production_finance_operations_innovation_4356282744,Netflix Data Analyst Production Finance Operations Innovation,Netflix,Data Analyst Production Finance Operations Innovation,,role,,"Respond to requests for data pulls, insights, and custom analyses as needed."
netflix_data_analyst_production_finance_operations_innovation_4356282744__role__019,netflix_data_analyst_production_finance_operations_innovation_4356282744,Netflix Data Analyst Production Finance Operations Innovation,Netflix,Data Analyst Production Finance Operations Innovation,,role,,"Data Quality & Issue Resolution: Monitor data integrity and troubleshoot urgent issues affecting data coverage or quality, ensuring the highest standards of accuracy and completeness."
netflix_data_analyst_production_finance_operations_innovation_4356282744__role__020,netflix_data_analyst_production_finance_operations_innovation_4356282744,Netflix Data Analyst Production Finance Operations Innovation,Netflix,Data Analyst Production Finance Operations Innovation,,role,,"Documentation & Knowledge Sharing: Maintain clear documentation of data processes, workflows, and system configurations."
netflix_data_analyst_production_finance_operations_innovation_4356282744__role__021,netflix_data_analyst_production_finance_operations_innovation_4356282744,Netflix Data Analyst Production Finance Operations Innovation,Netflix,Data Analyst Production Finance Operations Innovation,,role,,Share best practices and learnings with the broader team to foster continuous improvement.
netflix_data_analyst_production_finance_operations_innovation_4356282744__requirement__022,netflix_data_analyst_production_finance_operations_innovation_4356282744,Netflix Data Analyst Production Finance Operations Innovation,Netflix,Data Analyst Production Finance Operations Innovation,,requirement,,"A degree in a quantitative field (e.g., mathematics, statistics, computer science, engineering, or similar)"
netflix_data_analyst_production_finance_operations_innovation_4356282744__requirement__023,netflix_data_analyst_production_finance_operations_innovation_4356282744,Netflix Data Analyst Production Finance Operations Innovation,Netflix,Data Analyst Production Finance Operations Innovation,,requirement,,"5+ years of experience in data science, analytics engineering, or a similar data field."
netflix_data_analyst_production_finance_operations_innovation_4356282744__preferred__024,netflix_data_analyst_production_finance_operations_innovation_4356282744,Netflix Data Analyst Production Finance Operations Innovation,Netflix,Data Analyst Production Finance Operations Innovation,,preferred,,"Experience in Production Finance, Production Accounting, or other Entertainment Industry areas preferred"
netflix_data_analyst_production_finance_operations_innovation_4356282744__requirement__025,netflix_data_analyst_production_finance_operations_innovation_4356282744,Netflix Data Analyst Production Finance Operations Innovation,Netflix,Data Analyst Production Finance Operations Innovation,,requirement,,"Ability to collaborate with various teams and stakeholders, work with business end-users to understand data and analysis needs."
netflix_data_analyst_production_finance_operations_innovation_4356282744__requirement__026,netflix_data_analyst_production_finance_operations_innovation_4356282744,Netflix Data Analyst Production Finance Operations Innovation,Netflix,Data Analyst Production Finance Operations Innovation,,requirement,,Advanced SQL proficiency and database infrastructure knowledge required
netflix_data_analyst_production_finance_operations_innovation_4356282744__requirement__027,netflix_data_analyst_production_finance_operations_innovation_4356282744,Netflix Data Analyst Production Finance Operations Innovation,Netflix,Data Analyst Production Finance Operations Innovation,,requirement,,Advanced G Sheets proficiency required
netflix_data_analyst_production_finance_operations_innovation_4356282744__requirement__028,netflix_data_analyst_production_finance_operations_innovation_4356282744,Netflix Data Analyst Production Finance Operations Innovation,Netflix,Data Analyst Production Finance Operations Innovation,,requirement,,Experience with Python/R or other statistical programming languages is required
netflix_data_analyst_production_finance_operations_innovation_4356282744__requirement__029,netflix_data_analyst_production_finance_operations_innovation_4356282744,Netflix Data Analyst Production Finance Operations Innovation,Netflix,Data Analyst Production Finance Operations Innovation,,requirement,,Excellent data analysis and visualization skills
netflix_data_analyst_production_finance_operations_innovation_4356282744__requirement__030,netflix_data_analyst_production_finance_operations_innovation_4356282744,Netflix Data Analyst Production Finance Operations Innovation,Netflix,Data Analyst Production Finance Operations Innovation,,requirement,,"Familiarity with Business Intelligence tools such as Looker, Tableau, or similar platforms"
netflix_data_analyst_production_finance_operations_innovation_4356282744__requirement__031,netflix_data_analyst_production_finance_operations_innovation_4356282744,Netflix Data Analyst Production Finance Operations Innovation,Netflix,Data Analyst Production Finance Operations Innovation,,requirement,,Working knowledge of database concepts and data pipelines
netflix_data_analyst_production_finance_operations_innovation_4356282744__requirement__032,netflix_data_analyst_production_finance_operations_innovation_4356282744,Netflix Data Analyst Production Finance Operations Innovation,Netflix,Data Analyst Production Finance Operations Innovation,,requirement,,Strong written and verbal communication skills
netflix_data_analyst_production_finance_operations_innovation_4356282744__requirement__033,netflix_data_analyst_production_finance_operations_innovation_4356282744,Netflix Data Analyst Production Finance Operations Innovation,Netflix,Data Analyst Production Finance Operations Innovation,,requirement,,"Strong interpersonal skills, with the ability to build relationships with key stakeholders"
netflix_data_analyst_production_finance_operations_innovation_4356282744__requirement__034,netflix_data_analyst_production_finance_operations_innovation_4356282744,Netflix Data Analyst Production Finance Operations Innovation,Netflix,Data Analyst Production Finance Operations Innovation,,requirement,,Ability to communicate effectively with global teams
netflix_data_analyst_production_finance_operations_innovation_4356282744__requirement__035,netflix_data_analyst_production_finance_operations_innovation_4356282744,Netflix Data Analyst Production Finance Operations Innovation,Netflix,Data Analyst Production Finance Operations Innovation,,requirement,,Ability to show flexibility in re-prioritizing as situations arise throughout the day
netflix_data_analyst_production_finance_operations_innovation_4356282744__requirement__036,netflix_data_analyst_production_finance_operations_innovation_4356282744,Netflix Data Analyst Production Finance Operations Innovation,Netflix,Data Analyst Production Finance Operations Innovation,,requirement,,Detail-oriented but also interested in understanding the bigger picture
netflix_data_analyst_production_finance_operations_innovation_4356282744__requirement__037,netflix_data_analyst_production_finance_operations_innovation_4356282744,Netflix Data Analyst Production Finance Operations Innovation,Netflix,Data Analyst Production Finance Operations Innovation,,requirement,,Must thrive in a fast-paced and collaborative team environment
netflix_data_analyst_production_finance_operations_innovation_4356282744__requirement__038,netflix_data_analyst_production_finance_operations_innovation_4356282744,Netflix Data Analyst Production Finance Operations Innovation,Netflix,Data Analyst Production Finance Operations Innovation,,requirement,,Flexible and open to different perspectives
netflix_data_analyst_production_finance_operations_innovation_4356282744__requirement__039,netflix_data_analyst_production_finance_operations_innovation_4356282744,Netflix Data Analyst Production Finance Operations Innovation,Netflix,Data Analyst Production Finance Operations Innovation,,requirement,,"Curious, with a focus on generating results"
netflix_data_analyst_production_finance_operations_innovation_4356282744__requirement__040,netflix_data_analyst_production_finance_operations_innovation_4356282744,Netflix Data Analyst Production Finance Operations Innovation,Netflix,Data Analyst Production Finance Operations Innovation,,requirement,,"Must be self-motivated, disciplined, highly organized, and able to prioritize tasks"
netflix_data_analyst_production_finance_operations_innovation_4356282744__requirement__041,netflix_data_analyst_production_finance_operations_innovation_4356282744,Netflix Data Analyst Production Finance Operations Innovation,Netflix,Data Analyst Production Finance Operations Innovation,,requirement,,Exhibit the highest personal and professional standards of integrity and ethics.
netflix_data_analyst_production_finance_operations_innovation_4356282744__requirement__042,netflix_data_analyst_production_finance_operations_innovation_4356282744,Netflix Data Analyst Production Finance Operations Innovation,Netflix,Data Analyst Production Finance Operations Innovation,,requirement,,Passion for innovation
netflix_data_analyst_production_finance_operations_innovation_4356282744__requirement__043,netflix_data_analyst_production_finance_operations_innovation_4356282744,Netflix Data Analyst Production Finance Operations Innovation,Netflix,Data Analyst Production Finance Operations Innovation,,requirement,,"To determine your personal top of market compensation, we rely on market indicators and consider your specific job family, background, skills, and experience to determine your compensation in the market range."
netflix_data_analyst_production_finance_operations_innovation_4356282744__requirement__044,netflix_data_analyst_production_finance_operations_innovation_4356282744,Netflix Data Analyst Production Finance Operations Innovation,Netflix,Data Analyst Production Finance Operations Innovation,,requirement,,"The range for this role is $150,000.00 - $230,000.00."
netflix_data_analyst_production_finance_operations_innovation_4356282744__requirement__045,netflix_data_analyst_production_finance_operations_innovation_4356282744,Netflix Data Analyst Production Finance Operations Innovation,Netflix,Data Analyst Production Finance Operations Innovation,,requirement,,We also offer paid leave of absence programs.
netflix_data_analyst_production_finance_operations_innovation_4356282744__requirement__046,netflix_data_analyst_production_finance_operations_innovation_4356282744,Netflix Data Analyst Production Finance Operations Innovation,Netflix,Data Analyst Production Finance Operations Innovation,,requirement,,"Full-time hourly employees accrue 35 days annually for paid time off to be used for vacation, holidays, and sick paid time off."
netflix_data_analyst_production_finance_operations_innovation_4356282744__requirement__047,netflix_data_analyst_production_finance_operations_innovation_4356282744,Netflix Data Analyst Production Finance Operations Innovation,Netflix,Data Analyst Production Finance Operations Innovation,,requirement,,Full-time salaried employees are immediately entitled to flexible time off.
netflix_data_analyst_production_finance_operations_innovation_4356282744__requirement__048,netflix_data_analyst_production_finance_operations_innovation_4356282744,Netflix Data Analyst Production Finance Operations Innovation,Netflix,Data Analyst Production Finance Operations Innovation,,requirement,,Netflix is a unique culture and environment.
netflix_data_analyst_production_finance_operations_innovation_4356282744__requirement__049,netflix_data_analyst_production_finance_operations_innovation_4356282744,Netflix Data Analyst Production Finance Operations Innovation,Netflix,Data Analyst Production Finance Operations Innovation,,requirement,,Learn more here.
netflix_data_analyst_production_finance_operations_innovation_4356282744__requirement__050,netflix_data_analyst_production_finance_operations_innovation_4356282744,Netflix Data Analyst Production Finance Operations Innovation,Netflix,Data Analyst Production Finance Operations Innovation,,requirement,,Inclusion is a Netflix value and we strive to host a meaningful interview experience for all candidates.
netflix_data_analyst_production_finance_operations_innovation_4356282744__requirement__051,netflix_data_analyst_production_finance_operations_innovation_4356282744,Netflix Data Analyst Production Finance Operations Innovation,Netflix,Data Analyst Production Finance Operations Innovation,,requirement,,"We are an equal-opportunity employer and celebrate diversity, recognizing that diversity builds stronger teams."
netflix_data_analyst_production_finance_operations_innovation_4356282744__requirement__052,netflix_data_analyst_production_finance_operations_innovation_4356282744,Netflix Data Analyst Production Finance Operations Innovation,Netflix,Data Analyst Production Finance Operations Innovation,,requirement,,We approach diversity and inclusion seriously and thoughtfully.
netflix_data_analyst_production_finance_operations_innovation_4356282744__requirement__053,netflix_data_analyst_production_finance_operations_innovation_4356282744,Netflix Data Analyst Production Finance Operations Innovation,Netflix,Data Analyst Production Finance Operations Innovation,,requirement,,"We do not discriminate on the basis of race, religion, color, ancestry, national origin, caste, sex, sexual orientation, gender, gender identity or expression, age, disability, medical condition, pregnancy, genetic makeup, marital status, or military service."
forbes_marketing_data_analyst_accolades_4369978050__overview__001,forbes_marketing_data_analyst_accolades_4369978050,Forbes Marketing Data Analyst Accolades,Forbes,Marketing Data Analyst Accolades,,overview,,"Forbes connects and convenes the most influential communities ranging from billionaires, business leaders and rising entrepreneurs to creators and innovators."
forbes_marketing_data_analyst_accolades_4369978050__overview__002,forbes_marketing_data_analyst_accolades_4369978050,Forbes Marketing Data Analyst Accolades,Forbes,Marketing Data Analyst Accolades,,overview,,"to support the success of the Accolades business, responsible for aggregating, analyzing, and transforming complex marketing, sales, and behavioral data into actionable datasets and insights."
forbes_marketing_data_analyst_accolades_4369978050__overview__003,forbes_marketing_data_analyst_accolades_4369978050,Forbes Marketing Data Analyst Accolades,Forbes,Marketing Data Analyst Accolades,,overview,,"This position will directly support the team by informing campaign strategy, developing audience segmentations, and measuring marketing performance."
forbes_marketing_data_analyst_accolades_4369978050__role__004,forbes_marketing_data_analyst_accolades_4369978050,Forbes Marketing Data Analyst Accolades,Forbes,Marketing Data Analyst Accolades,,role,,"Partners with stakeholders to understand business challenges, key performance indicators (KPIs), and audiences to develop segmentations for targeted campaigns."
forbes_marketing_data_analyst_accolades_4369978050__role__005,forbes_marketing_data_analyst_accolades_4369978050,Forbes Marketing Data Analyst Accolades,Forbes,Marketing Data Analyst Accolades,,role,,"Maintains data integrity within the CRM (Salesforce) and associated datasets through regular cleansing, standardization, and quality checks of zero-party, first-party, and third-party data."
forbes_marketing_data_analyst_accolades_4369978050__role__006,forbes_marketing_data_analyst_accolades_4369978050,Forbes Marketing Data Analyst Accolades,Forbes,Marketing Data Analyst Accolades,,role,,"Translates business requirements into data-focused objectives to establish, modify and maintain crucial data insights for the marketing and sales teams."
forbes_marketing_data_analyst_accolades_4369978050__role__007,forbes_marketing_data_analyst_accolades_4369978050,Forbes Marketing Data Analyst Accolades,Forbes,Marketing Data Analyst Accolades,,role,,Drafts and maintains marketing database procedures and documentation to ensure process integrity and adherence to internal policies.
forbes_marketing_data_analyst_accolades_4369978050__role__008,forbes_marketing_data_analyst_accolades_4369978050,Forbes Marketing Data Analyst Accolades,Forbes,Marketing Data Analyst Accolades,,role,,"Builds and maintains reports and dashboards in Looker/Salesforce, and develops custom analyses to track marketing performance, campaign effectiveness, and ROI."
forbes_marketing_data_analyst_accolades_4369978050__role__009,forbes_marketing_data_analyst_accolades_4369978050,Forbes Marketing Data Analyst Accolades,Forbes,Marketing Data Analyst Accolades,,role,,"Conducts deep-dive analysis on marketing campaign performance (email, display, paid search, etc.) to identify trends, opportunities for optimization, and root causes for performance fluctuations."
forbes_marketing_data_analyst_accolades_4369978050__role__010,forbes_marketing_data_analyst_accolades_4369978050,Forbes Marketing Data Analyst Accolades,Forbes,Marketing Data Analyst Accolades,,role,,"Provide data-backed, action oriented recommendations to the marketing and sales teams on analysis to improve audience targeting, personalization, and conversion rates."
forbes_marketing_data_analyst_accolades_4369978050__requirement__011,forbes_marketing_data_analyst_accolades_4369978050,Forbes Marketing Data Analyst Accolades,Forbes,Marketing Data Analyst Accolades,,requirement,,3-5 years of experience within a Marketing and/or Data Management team
forbes_marketing_data_analyst_accolades_4369978050__requirement__012,forbes_marketing_data_analyst_accolades_4369978050,Forbes Marketing Data Analyst Accolades,Forbes,Marketing Data Analyst Accolades,,requirement,,"Strong analytical and quantitative skills with proven ability to manipulate, interpret, and verify large, disparate datasets (including behavioral, sales, and campaign data)."
forbes_marketing_data_analyst_accolades_4369978050__role__013,forbes_marketing_data_analyst_accolades_4369978050,Forbes Marketing Data Analyst Accolades,Forbes,Marketing Data Analyst Accolades,,role,,Proficiency with data manipulation and intermediate proficiency with Microsoft Excel.
forbes_marketing_data_analyst_accolades_4369978050__preferred__014,forbes_marketing_data_analyst_accolades_4369978050,Forbes Marketing Data Analyst Accolades,Forbes,Marketing Data Analyst Accolades,,preferred,,Prior experience analyzing data within a B2B or subscription-based environment is highly preferred.
forbes_marketing_data_analyst_accolades_4369978050__preferred__015,forbes_marketing_data_analyst_accolades_4369978050,Forbes Marketing Data Analyst Accolades,Forbes,Marketing Data Analyst Accolades,,preferred,,Direct experience in leveraging data from a CRM (Salesforce preferred) and/or a Customer Data Platform (CDP) for segmentation and reporting.
forbes_marketing_data_analyst_accolades_4369978050__requirement__016,forbes_marketing_data_analyst_accolades_4369978050,Forbes Marketing Data Analyst Accolades,Forbes,Marketing Data Analyst Accolades,,requirement,,"Demonstrate the ability to effectively translate complex analytical data into clear, actionable narratives for non-technical business stakeholders"
forbes_marketing_data_analyst_accolades_4369978050__requirement__017,forbes_marketing_data_analyst_accolades_4369978050,Forbes Marketing Data Analyst Accolades,Forbes,Marketing Data Analyst Accolades,,requirement,,Ability to work independently and across teams
forbes_marketing_data_analyst_accolades_4369978050__requirement__018,forbes_marketing_data_analyst_accolades_4369978050,Forbes Marketing Data Analyst Accolades,Forbes,Marketing Data Analyst Accolades,,requirement,,Experience with data visualization tools.
forbes_marketing_data_analyst_accolades_4369978050__requirement__019,forbes_marketing_data_analyst_accolades_4369978050,Forbes Marketing Data Analyst Accolades,Forbes,Marketing Data Analyst Accolades,,requirement,,"Familiarity with marketing performance metrics (e.g., CPA, LTV, ROI, conversion rates)."
forbes_marketing_data_analyst_accolades_4369978050__requirement__020,forbes_marketing_data_analyst_accolades_4369978050,Forbes Marketing Data Analyst Accolades,Forbes,Marketing Data Analyst Accolades,,requirement,,Forbes has estimated the compensation range set forth above in good faith.
forbes_marketing_data_analyst_accolades_4369978050__requirement__021,forbes_marketing_data_analyst_accolades_4369978050,Forbes Marketing Data Analyst Accolades,Forbes,Marketing Data Analyst Accolades,,requirement,,"The compensation range is what we believe we will offer, and ultimately pay, a successful candidate."
forbes_marketing_data_analyst_accolades_4369978050__requirement__022,forbes_marketing_data_analyst_accolades_4369978050,Forbes Marketing Data Analyst Accolades,Forbes,Marketing Data Analyst Accolades,,requirement,,"In determining this range, we consider the experience, level of education (if applicable to the role), knowledge, skills, and abilities required to be had by a successful candidate as well as the budget and the company’s pay rates, generally."
forbes_marketing_data_analyst_accolades_4369978050__requirement__023,forbes_marketing_data_analyst_accolades_4369978050,Forbes Marketing Data Analyst Accolades,Forbes,Marketing Data Analyst Accolades,,requirement,,"This said, we may have to make changes to our compensation estimates and job descriptions from time to time and we expressly reserve the right to do so."
forbes_marketing_data_analyst_accolades_4369978050__requirement__024,forbes_marketing_data_analyst_accolades_4369978050,Forbes Marketing Data Analyst Accolades,Forbes,Marketing Data Analyst Accolades,,requirement,,"Should we make any such changes, this advertisement will be revised to reflect such revisions."
forbes_marketing_data_analyst_accolades_4369978050__requirement__025,forbes_marketing_data_analyst_accolades_4369978050,Forbes Marketing Data Analyst Accolades,Forbes,Marketing Data Analyst Accolades,,requirement,,We encourage you to occasionally re-visit this advertisement to ensure that you are abreast of any changes.
forbes_marketing_data_analyst_accolades_4369978050__requirement__026,forbes_marketing_data_analyst_accolades_4369978050,Forbes Marketing Data Analyst Accolades,Forbes,Marketing Data Analyst Accolades,,requirement,,Thank you for your interest in joining Forbes!
forbes_marketing_data_analyst_accolades_4369978050__role__027,forbes_marketing_data_analyst_accolades_4369978050,Forbes Marketing Data Analyst Accolades,Forbes,Marketing Data Analyst Accolades,,role,,This role may evolve over time.
forbes_marketing_data_analyst_accolades_4369978050__role__028,forbes_marketing_data_analyst_accolades_4369978050,Forbes Marketing Data Analyst Accolades,Forbes,Marketing Data Analyst Accolades,,role,,"While this job description outlines the primary responsibilities, additional duties may be assigned as business needs change."
forbes_marketing_data_analyst_accolades_4369978050__role__029,forbes_marketing_data_analyst_accolades_4369978050,Forbes Marketing Data Analyst Accolades,Forbes,Marketing Data Analyst Accolades,,role,,Forbes aims to offer employees the flexibility they need in order to be successful.
forbes_marketing_data_analyst_accolades_4369978050__role__030,forbes_marketing_data_analyst_accolades_4369978050,Forbes Marketing Data Analyst Accolades,Forbes,Marketing Data Analyst Accolades,,role,,Some positions may require candidates to be based in a specific location for consideration while some roles may be fully remote (within the U.S.) if it aligns with the needs of the position.
forbes_marketing_data_analyst_accolades_4369978050__role__031,forbes_marketing_data_analyst_accolades_4369978050,Forbes Marketing Data Analyst Accolades,Forbes,Marketing Data Analyst Accolades,,role,,"This position is only open to candidates residing in California, Colorado, Connecticut, District of Columbia, Florida, Georgia, Maine, Maryland, Massachusetts, New Jersey, New York, North Carolina, Pennsylvania, South Carolina, Tennessee, Texas, & Washington."
forbes_marketing_data_analyst_accolades_4369978050__role__032,forbes_marketing_data_analyst_accolades_4369978050,Forbes Marketing Data Analyst Accolades,Forbes,Marketing Data Analyst Accolades,,role,,"Due to business operations and compliance requirements, we are unable to consider applicants based outside these states at this time."
forbes_marketing_data_analyst_accolades_4369978050__role__033,forbes_marketing_data_analyst_accolades_4369978050,Forbes Marketing Data Analyst Accolades,Forbes,Marketing Data Analyst Accolades,,role,,Staff and Applicant Privacy Notice
forbes_marketing_data_analyst_accolades_4369978050__role__034,forbes_marketing_data_analyst_accolades_4369978050,Forbes Marketing Data Analyst Accolades,Forbes,Marketing Data Analyst Accolades,,role,,Notice of E-Verify Participation
gitlab_data_analyst_product_4385874824__overview__001,gitlab_data_analyst_product_4385874824,Gitlab Data Analyst Product,Gitlab,Data Analyst Product,,overview,,GitLab is the intelligent orchestration platform for DevSecOps.
gitlab_data_analyst_product_4385874824__overview__002,gitlab_data_analyst_product_4385874824,Gitlab Data Analyst Product,Gitlab,Data Analyst Product,,overview,,"GitLab enables organizations to increase developer productivity, improve operational efficiency, reduce security and compliance risk, and accelerate digital transformation."
gitlab_data_analyst_product_4385874824__overview__003,gitlab_data_analyst_product_4385874824,Gitlab Data Analyst Product,Gitlab,Data Analyst Product,,overview,,"The same principles built into our products are reflected in how our team works: we embrace AI as a core productivity multiplier, with all team members expected to incorporate AI into their daily workflows to drive efficiency, innovation, and impact."
gitlab_data_analyst_product_4385874824__overview__004,gitlab_data_analyst_product_4385874824,Gitlab Data Analyst Product,Gitlab,Data Analyst Product,,overview,,Co-create the future with us as we build technology that transforms how the world develops software.
gitlab_data_analyst_product_4385874824__overview__005,gitlab_data_analyst_product_4385874824,Gitlab Data Analyst Product,Gitlab,Data Analyst Product,,overview,,Claim based on GitLab data.
gitlab_data_analyst_product_4385874824__overview__006,gitlab_data_analyst_product_4385874824,Gitlab Data Analyst Product,Gitlab,Data Analyst Product,,overview,,"Fortune and Fortune Media IP Limited are not affiliated with, and do not endorse products or services of GitLab."
gitlab_data_analyst_product_4385874824__overview__007,gitlab_data_analyst_product_4385874824,Gitlab Data Analyst Product,Gitlab,Data Analyst Product,,overview,,An overview of this role
gitlab_data_analyst_product_4385874824__overview__008,gitlab_data_analyst_product_4385874824,Gitlab Data Analyst Product,Gitlab,Data Analyst Product,,overview,,"team, you'll help product teams make better decisions through trusted data and clear analysis."
gitlab_data_analyst_product_4385874824__overview__009,gitlab_data_analyst_product_4385874824,Gitlab Data Analyst Product,Gitlab,Data Analyst Product,,overview,,"Working closely with Product Managers, Engineering, UX, and leadership, you'll examine customer behavior across the customer journey to improve both the customer experience and business outcomes."
gitlab_data_analyst_product_4385874824__overview__010,gitlab_data_analyst_product_4385874824,Gitlab Data Analyst Product,Gitlab,Data Analyst Product,,overview,,"In this role, you'll build business intelligence solutions, define and maintain product key performance indicators, and turn usage data into insights that support strategic decisions."
gitlab_data_analyst_product_4385874824__overview__011,gitlab_data_analyst_product_4385874824,Gitlab Data Analyst Product,Gitlab,Data Analyst Product,,overview,,This role focuses on GitLab's
gitlab_data_analyst_product_4385874824__overview__012,gitlab_data_analyst_product_4385874824,Gitlab Data Analyst Product,Gitlab,Data Analyst Product,,overview,,"sections, an important area that helps ensure GitLab's infrastructure can scale over time. You'll also support our"
gitlab_data_analyst_product_4385874824__overview__013,gitlab_data_analyst_product_4385874824,Gitlab Data Analyst Product,Gitlab,Data Analyst Product,,overview,,offering by exploring usage and behavioral patterns across that deployment type.
gitlab_data_analyst_product_4385874824__overview__014,gitlab_data_analyst_product_4385874824,Gitlab Data Analyst Product,Gitlab,Data Analyst Product,,overview,,"In GitLab's all-remote, asynchronous environment, you'll contribute to a transparent, values-driven culture where data storytelling helps teams understand product health and act with confidence."
gitlab_data_analyst_product_4385874824__role__015,gitlab_data_analyst_product_4385874824,Gitlab Data Analyst Product,Gitlab,Data Analyst Product,,role,,Collaborate with stakeholders ranging from individual contributor Product Managers to leadership to understand business questions and define the right analytical approach.
gitlab_data_analyst_product_4385874824__role__016,gitlab_data_analyst_product_4385874824,Gitlab Data Analyst Product,Gitlab,Data Analyst Product,,role,,"Gather data from multiple sources and connect disparate data points into a clear story about product usage, customer behavior, and product health."
gitlab_data_analyst_product_4385874824__role__017,gitlab_data_analyst_product_4385874824,Gitlab Data Analyst Product,Gitlab,Data Analyst Product,,role,,"Establish reporting for new products and features, including defining metrics and building repeatable analysis that teams can use to track adoption and performance."
gitlab_data_analyst_product_4385874824__role__018,gitlab_data_analyst_product_4385874824,Gitlab Data Analyst Product,Gitlab,Data Analyst Product,,role,,Analyze usage patterns within GitLab's Platforms sections to help teams understand how this area is performing and where improvements may be needed.
gitlab_data_analyst_product_4385874824__role__019,gitlab_data_analyst_product_4385874824,Gitlab Data Analyst Product,Gitlab,Data Analyst Product,,role,,Explore behavioral trends for the Dedicated offering to surface insights that can inform product decisions and the customer experience.
gitlab_data_analyst_product_4385874824__role__020,gitlab_data_analyst_product_4385874824,Gitlab Data Analyst Product,Gitlab,Data Analyst Product,,role,,Partner with UX to better understand user behavior and support research with quantitative analysis.
gitlab_data_analyst_product_4385874824__role__021,gitlab_data_analyst_product_4385874824,Gitlab Data Analyst Product,Gitlab,Data Analyst Product,,role,,Work with Engineering teams on data collection and instrumentation approaches so product usage can be measured accurately and consistently.
gitlab_data_analyst_product_4385874824__role__022,gitlab_data_analyst_product_4385874824,Gitlab Data Analyst Product,Gitlab,Data Analyst Product,,role,,"Collaborate with Analytics Engineers on data modeling needs for reporting and analysis, helping ensure the underlying data supports reliable decision-making."
gitlab_data_analyst_product_4385874824__requirement__023,gitlab_data_analyst_product_4385874824,Gitlab Data Analyst Product,Gitlab,Data Analyst Product,,requirement,,Advanced SQL skills and the ability to use data to answer complex product questions with clarity and accuracy.
gitlab_data_analyst_product_4385874824__requirement__024,gitlab_data_analyst_product_4385874824,Gitlab Data Analyst Product,Gitlab,Data Analyst Product,,requirement,,"Experience building business intelligence visualizations and dashboards, ideally in Tableau or a similar tool."
gitlab_data_analyst_product_4385874824__requirement__025,gitlab_data_analyst_product_4385874824,Gitlab Data Analyst Product,Gitlab,Data Analyst Product,,requirement,,"Experience working directly with Product and Engineering teams on data creation, instrumentation, and measurement strategy."
gitlab_data_analyst_product_4385874824__requirement__026,gitlab_data_analyst_product_4385874824,Gitlab Data Analyst Product,Gitlab,Data Analyst Product,,requirement,,Experience partnering with Data and Analytics Engineering teams to shape data models for reporting and product analysis.
gitlab_data_analyst_product_4385874824__requirement__027,gitlab_data_analyst_product_4385874824,Gitlab Data Analyst Product,Gitlab,Data Analyst Product,,requirement,,Strong analytical thinking and the ability to turn product usage data into practical recommendations for stakeholders at different levels.
gitlab_data_analyst_product_4385874824__requirement__028,gitlab_data_analyst_product_4385874824,Gitlab Data Analyst Product,Gitlab,Data Analyst Product,,requirement,,Experience conducting and interpreting A/B tests to evaluate product changes and support evidence-based decisions.
gitlab_data_analyst_product_4385874824__requirement__029,gitlab_data_analyst_product_4385874824,Gitlab Data Analyst Product,Gitlab,Data Analyst Product,,requirement,,"Clear written and verbal communication skills, with the ability to explain complex findings in simple language."
gitlab_data_analyst_product_4385874824__requirement__030,gitlab_data_analyst_product_4385874824,Gitlab Data Analyst Product,Gitlab,Data Analyst Product,,requirement,,"Comfort working in an all-remote, asynchronous environment and collaborating effectively across functions while staying aligned with GitLab's values."
gitlab_data_analyst_product_4385874824__requirement__031,gitlab_data_analyst_product_4385874824,Gitlab Data Analyst Product,Gitlab,Data Analyst Product,,requirement,,team sits within GitLab's
gitlab_data_analyst_product_4385874824__requirement__032,gitlab_data_analyst_product_4385874824,Gitlab Data Analyst Product,Gitlab,Data Analyst Product,,requirement,,organization and includes a manager and product analysts who support specific areas of the product.
gitlab_data_analyst_product_4385874824__requirement__033,gitlab_data_analyst_product_4385874824,Gitlab Data Analyst Product,Gitlab,Data Analyst Product,,requirement,,"As a team, we work closely with product partners to improve decision-making through trusted metrics, thoughtful analysis, and clear storytelling."
gitlab_data_analyst_product_4385874824__requirement__034,gitlab_data_analyst_product_4385874824,Gitlab Data Analyst Product,Gitlab,Data Analyst Product,,requirement,,"Our work helps teams understand product usage, customer behavior, and overall product health so they can make informed decisions that improve GitLab."
gitlab_data_analyst_product_4385874824__requirement__035,gitlab_data_analyst_product_4385874824,Gitlab Data Analyst Product,Gitlab,Data Analyst Product,,requirement,,You'll join a distributed team that values
gitlab_data_analyst_product_4385874824__requirement__036,gitlab_data_analyst_product_4385874824,Gitlab Data Analyst Product,Gitlab,Data Analyst Product,,requirement,,", collaboration, and strong partnership with cross-functional stakeholders. The team supports a range of product areas, and this role will be closely connected to the"
gitlab_data_analyst_product_4385874824__requirement__037,gitlab_data_analyst_product_4385874824,Gitlab Data Analyst Product,Gitlab,Data Analyst Product,,requirement,,sections and the
gitlab_data_analyst_product_4385874824__requirement__038,gitlab_data_analyst_product_4385874824,Gitlab Data Analyst Product,Gitlab,Data Analyst Product,,requirement,,"It's a strong fit for someone who enjoys working across teams, building context in a complex product environment, and helping others use data with confidence."
gitlab_data_analyst_product_4385874824__requirement__039,gitlab_data_analyst_product_4385874824,Gitlab Data Analyst Product,Gitlab,Data Analyst Product,,requirement,,How GitLab Supports Full-Time Employees
gitlab_data_analyst_product_4385874824__requirement__040,gitlab_data_analyst_product_4385874824,Gitlab Data Analyst Product,Gitlab,Data Analyst Product,,requirement,,Growth and Development Fund
gitlab_data_analyst_product_4385874824__requirement__041,gitlab_data_analyst_product_4385874824,Gitlab Data Analyst Product,Gitlab,Data Analyst Product,,requirement,,Home office support
gitlab_data_analyst_product_4385874824__requirement__042,gitlab_data_analyst_product_4385874824,Gitlab Data Analyst Product,Gitlab,Data Analyst Product,,requirement,,Please note that we welcome interest from candidates with varying levels of experience
gitlab_data_analyst_product_4385874824__requirement__043,gitlab_data_analyst_product_4385874824,Gitlab Data Analyst Product,Gitlab,Data Analyst Product,,requirement,,many successful candidates do not meet every single requirement.
gitlab_data_analyst_product_4385874824__requirement__044,gitlab_data_analyst_product_4385874824,Gitlab Data Analyst Product,Gitlab,Data Analyst Product,,requirement,,"Additionally, studies have shown that people from underrepresented groups are less likely to apply to a job unless they meet every single qualification."
gitlab_data_analyst_product_4385874824__requirement__045,gitlab_data_analyst_product_4385874824,Gitlab Data Analyst Product,Gitlab,Data Analyst Product,,requirement,,"If you're excited about this role, please apply and allow our recruiters to assess your application."
gitlab_data_analyst_product_4385874824__requirement__046,gitlab_data_analyst_product_4385874824,Gitlab Data Analyst Product,Gitlab,Data Analyst Product,,requirement,,GitLab hires new team members in countries around the world.
gitlab_data_analyst_product_4385874824__requirement__047,gitlab_data_analyst_product_4385874824,Gitlab Data Analyst Product,Gitlab,Data Analyst Product,,requirement,,"All of our roles are remote, however some roles may carry specific location-based eligibility requirements."
gitlab_data_analyst_product_4385874824__requirement__048,gitlab_data_analyst_product_4385874824,Gitlab Data Analyst Product,Gitlab,Data Analyst Product,,requirement,,Our Talent Acquisition team can help answer any questions about location after starting the recruiting process.
gitlab_data_analyst_product_4385874824__requirement__049,gitlab_data_analyst_product_4385874824,Gitlab Data Analyst Product,Gitlab,Data Analyst Product,,requirement,,Please review our Recruitment Privacy Policy.
gitlab_data_analyst_product_4385874824__requirement__050,gitlab_data_analyst_product_4385874824,Gitlab Data Analyst Product,Gitlab,Data Analyst Product,,requirement,,Your privacy is important to us.
gitlab_data_analyst_product_4385874824__requirement__051,gitlab_data_analyst_product_4385874824,Gitlab Data Analyst Product,Gitlab,Data Analyst Product,,requirement,,"GitLab’s policies and practices relating to recruitment, employment, career development and advancement, promotion, and retirement are based solely on merit, regardless of race, color, religion, ancestry, sex (including pregnancy, lactation, sexual orientation, gender identity, or gender expression), national origin, age, citizenship, marital status, mental or physical disability, genetic information (including family medical history), discharge status from the military, protected veteran status (which includes disabled veterans, recently separated veterans, active duty wartime or campaign badge veterans, and Armed Forces service medal veterans), or any other basis protected by law."
gitlab_data_analyst_product_4385874824__requirement__052,gitlab_data_analyst_product_4385874824,Gitlab Data Analyst Product,Gitlab,Data Analyst Product,,requirement,,GitLab will not tolerate discrimination or harassment based on any of these characteristics.
gitlab_data_analyst_product_4385874824__requirement__053,gitlab_data_analyst_product_4385874824,Gitlab Data Analyst Product,Gitlab,Data Analyst Product,,requirement,,See also GitLab’s EEO Policy and EEO is the Law.
toyota_north_america_data_analyst_4393967481__overview__001,toyota_north_america_data_analyst_4393967481,Toyota North America Data Analyst,Toyota North America,Data Analyst,,overview,,"Magnit Direct Sourcing on behalf of Toyota is currently hiring a Data Analyst for a temporary assignment in Plano, TX."
toyota_north_america_data_analyst_4393967481__overview__002,toyota_north_america_data_analyst_4393967481,Toyota North America Data Analyst,Toyota North America,Data Analyst,,overview,,The primary focus of our Analytics teams is to generate actionable insights by leveraging data and using effective data storytelling to help our company make better data-driven decisions.
toyota_north_america_data_analyst_4393967481__overview__003,toyota_north_america_data_analyst_4393967481,Toyota North America Data Analyst,Toyota North America,Data Analyst,,overview,,Uncover business needs and the true questions that the company is trying to answer in order to properly frame your analysis
toyota_north_america_data_analyst_4393967481__overview__004,toyota_north_america_data_analyst_4393967481,Toyota North America Data Analyst,Toyota North America,Data Analyst,,overview,,Leverage your SQL/Python coding skills to pull and organize data that is needed for your analysis
toyota_north_america_data_analyst_4393967481__overview__005,toyota_north_america_data_analyst_4393967481,Toyota North America Data Analyst,Toyota North America,Data Analyst,,overview,,"Assess the quantitative and qualitative impacts of possible actions based on your insight, taking into consideration our customers, our employees, and our company"
toyota_north_america_data_analyst_4393967481__overview__006,toyota_north_america_data_analyst_4393967481,Toyota North America Data Analyst,Toyota North America,Data Analyst,,overview,,"Recommend actions based on your insights by effectively telling the story that is supported by data through presentations (PowerPoint), data visualizations (Tableau), and clear and concise verbal and written communications skills"
toyota_north_america_data_analyst_4393967481__requirement__007,toyota_north_america_data_analyst_4393967481,Toyota North America Data Analyst,Toyota North America,Data Analyst,,requirement,,"Bachelor's degree or higher in Statistics, Finance, Accounting, Math, Economics, Engineering, Analytics, or similar quantitative STEM field"
toyota_north_america_data_analyst_4393967481__requirement__008,toyota_north_america_data_analyst_4393967481,Toyota North America Data Analyst,Toyota North America,Data Analyst,,requirement,,"Relevant professional work experience (paid, non-academic, non-intern) OR an advanced degree in one or more of the above disciplines"
toyota_north_america_data_analyst_4393967481__overview__009,toyota_north_america_data_analyst_4393967481,Toyota North America Data Analyst,Toyota North America,Data Analyst,,overview,,"High proficiency and professional experience coding in SQL, Python and/or R (tested during interviews)"
toyota_north_america_data_analyst_4393967481__requirement__010,toyota_north_america_data_analyst_4393967481,Toyota North America Data Analyst,Toyota North America,Data Analyst,,requirement,,"High proficiency and professional experience with Excel, PowerPoint and Tableau"
toyota_north_america_data_analyst_4393967481__requirement__011,toyota_north_america_data_analyst_4393967481,Toyota North America Data Analyst,Toyota North America,Data Analyst,,requirement,,"High proficiency and professional experience with data acquisition, data manipulation, data cleaning"
toyota_north_america_data_analyst_4393967481__overview__012,toyota_north_america_data_analyst_4393967481,Toyota North America Data Analyst,Toyota North America,Data Analyst,,overview,,High proficiency and professional experience identifying trends and indicators through quantitative and qualitative analysis
toyota_north_america_data_analyst_4393967481__overview__013,toyota_north_america_data_analyst_4393967481,Toyota North America Data Analyst,Toyota North America,Data Analyst,,overview,,Proficiency with statistics and predictive modelling techniques
toyota_north_america_data_analyst_4393967481__requirement__014,toyota_north_america_data_analyst_4393967481,Toyota North America Data Analyst,Toyota North America,Data Analyst,,requirement,,Ability to collaborate effectively with others as well as work independently while in a hybrid work environment
toyota_north_america_data_analyst_4393967481__requirement__015,toyota_north_america_data_analyst_4393967481,Toyota North America Data Analyst,Toyota North America,Data Analyst,,requirement,,"MBA or advanced degree in Statistics, Finance, Accounting, Math, Economics, Engineering, Analytics, or similar quantitative STEM field"
toyota_north_america_data_analyst_4393967481__overview__016,toyota_north_america_data_analyst_4393967481,Toyota North America Data Analyst,Toyota North America,Data Analyst,,overview,,"Professional work experience in auto financing, consumer lending and/or financial institutions"
toyota_north_america_data_analyst_4393967481__overview__017,toyota_north_america_data_analyst_4393967481,Toyota North America Data Analyst,Toyota North America,Data Analyst,,overview,,"Professional work experience in consumer credit risk, business analytics, finance and/or pricing roles"
toyota_north_america_data_analyst_4393967481__overview__018,toyota_north_america_data_analyst_4393967481,Toyota North America Data Analyst,Toyota North America,Data Analyst,,overview,,"Talented, dedicated people are an integral part of our mission to build the best workforce, working together to create the future of mobility and make the world a better place."
toyota_north_america_data_analyst_4393967481__overview__019,toyota_north_america_data_analyst_4393967481,Toyota North America Data Analyst,Toyota North America,Data Analyst,,overview,,"These include the duties and responsibilities listed above, as well as the abilities to adhere to company policies, exercise sound judgment, effectively manage stress and work safely and respectfully with others, exhibit trustworthiness, meet client expectations, standards, and accompanying requirements, and safeguard business operations and company reputation."
toyota_north_america_data_analyst_4393967481__requirement__020,toyota_north_america_data_analyst_4393967481,Toyota North America Data Analyst,Toyota North America,Data Analyst,,requirement,,No travel required
renesas_electronics_solution_architect_agile_teams_4398531816__overview__001,renesas_electronics_solution_architect_agile_teams_4398531816,Renesas Electronics Solution Architect Agile Teams,Renesas Electronics,Solution Architect Agile Teams,,overview,,Solution Architect for Altium Agile Teams
renesas_electronics_solution_architect_agile_teams_4398531816__overview__002,renesas_electronics_solution_architect_agile_teams_4398531816,Renesas Electronics Solution Architect Agile Teams,Renesas Electronics,Solution Architect Agile Teams,,overview,,to join our organization. This role is ideal for someone who deeply understands engineering workflows and Altium technologies and wants to help
renesas_electronics_solution_architect_agile_teams_4398531816__overview__003,renesas_electronics_solution_architect_agile_teams_4398531816,Renesas Electronics Solution Architect Agile Teams,Renesas Electronics,Solution Architect Agile Teams,,overview,,mid-market and small enterprise customers
renesas_electronics_solution_architect_agile_teams_4398531816__overview__004,renesas_electronics_solution_architect_agile_teams_4398531816,Renesas Electronics Solution Architect Agile Teams,Renesas Electronics,Solution Architect Agile Teams,,overview,,deploy and optimize the
renesas_electronics_solution_architect_agile_teams_4398531816__overview__005,renesas_electronics_solution_architect_agile_teams_4398531816,Renesas Electronics Solution Architect Agile Teams,Renesas Electronics,Solution Architect Agile Teams,,overview,,and related PLM capabilities.
renesas_electronics_solution_architect_agile_teams_4398531816__overview__006,renesas_electronics_solution_architect_agile_teams_4398531816,Renesas Electronics Solution Architect Agile Teams,Renesas Electronics,Solution Architect Agile Teams,,overview,,"Rather than large enterprise transformations, this role focuses on practical, hands‑on implementation, configuration, and lightweight customization - helping customers adopt best practices, improve collaboration, and streamline their electronics design processes."
renesas_electronics_solution_architect_agile_teams_4398531816__overview__007,renesas_electronics_solution_architect_agile_teams_4398531816,Renesas Electronics Solution Architect Agile Teams,Renesas Electronics,Solution Architect Agile Teams,,overview,,"You will partner closely with customers, Professional Services engineers, Sales, and Product teams to ensure successful deployments and ongoing adoption."
renesas_electronics_solution_architect_agile_teams_4398531816__overview__008,renesas_electronics_solution_architect_agile_teams_4398531816,Renesas Electronics Solution Architect Agile Teams,Renesas Electronics,Solution Architect Agile Teams,,overview,,Assist in the deployment and configuration of the
renesas_electronics_solution_architect_agile_teams_4398531816__overview__009,renesas_electronics_solution_architect_agile_teams_4398531816,Renesas Electronics Solution Architect Agile Teams,Renesas Electronics,Solution Architect Agile Teams,,overview,,"for mid-market customers, including libraries, roles/permissions, data management, and design workflows."
renesas_electronics_solution_architect_agile_teams_4398531816__overview__010,renesas_electronics_solution_architect_agile_teams_4398531816,Renesas Electronics Solution Architect Agile Teams,Renesas Electronics,Solution Architect Agile Teams,,overview,,Analyze customer engineering workflows and help translate them into practical system configurations.
renesas_electronics_solution_architect_agile_teams_4398531816__overview__011,renesas_electronics_solution_architect_agile_teams_4398531816,Renesas Electronics Solution Architect Agile Teams,Renesas Electronics,Solution Architect Agile Teams,,overview,,"Work directly with customers to understand their environment, challenges, and priorities"
renesas_electronics_solution_architect_agile_teams_4398531816__overview__012,renesas_electronics_solution_architect_agile_teams_4398531816,Renesas Electronics Solution Architect Agile Teams,Renesas Electronics,Solution Architect Agile Teams,,overview,,Provide hands‑on guidance to engineering teams implementing Altium tools for the first time or scaling their use.
renesas_electronics_solution_architect_agile_teams_4398531816__requirement__013,renesas_electronics_solution_architect_agile_teams_4398531816,Renesas Electronics Solution Architect Agile Teams,Renesas Electronics,Solution Architect Agile Teams,,requirement,,"Learn and maintain a strong working knowledge of Altium 365, Altium Designer,the Altium Agile Platform, and related integrations."
renesas_electronics_solution_architect_agile_teams_4398531816__overview__014,renesas_electronics_solution_architect_agile_teams_4398531816,Renesas Electronics Solution Architect Agile Teams,Renesas Electronics,Solution Architect Agile Teams,,overview,,"Help customers adopt new features, recommended practices, and updated workflows."
renesas_electronics_solution_architect_agile_teams_4398531816__overview__015,renesas_electronics_solution_architect_agile_teams_4398531816,Renesas Electronics Solution Architect Agile Teams,Renesas Electronics,Solution Architect Agile Teams,,overview,,"Investigate workflow issues, configuration problems, or data structure inconsistencies."
renesas_electronics_solution_architect_agile_teams_4398531816__overview__016,renesas_electronics_solution_architect_agile_teams_4398531816,Renesas Electronics Solution Architect Agile Teams,Renesas Electronics,Solution Architect Agile Teams,,overview,,Escalate complex technical matters to senior architects or R&D when appropriate.
renesas_electronics_solution_architect_agile_teams_4398531816__overview__017,renesas_electronics_solution_architect_agile_teams_4398531816,Renesas Electronics Solution Architect Agile Teams,Renesas Electronics,Solution Architect Agile Teams,,overview,,Participate in the creation of mini‑SOWs or scoped implementation plans for team‑level customers.
renesas_electronics_solution_architect_agile_teams_4398531816__overview__018,renesas_electronics_solution_architect_agile_teams_4398531816,Renesas Electronics Solution Architect Agile Teams,Renesas Electronics,Solution Architect Agile Teams,,overview,,"Document configurations, templates, instructions, and repeatable best‑practice deployments."
renesas_electronics_solution_architect_agile_teams_4398531816__overview__019,renesas_electronics_solution_architect_agile_teams_4398531816,Renesas Electronics Solution Architect Agile Teams,Renesas Electronics,Solution Architect Agile Teams,,overview,,"Assist with data migration activities such as libraries, components, and project structures."
renesas_electronics_solution_architect_agile_teams_4398531816__overview__020,renesas_electronics_solution_architect_agile_teams_4398531816,Renesas Electronics Solution Architect Agile Teams,Renesas Electronics,Solution Architect Agile Teams,,overview,,Work with Professional Services engineers on integrations or advanced technical tasks.
renesas_electronics_solution_architect_agile_teams_4398531816__overview__021,renesas_electronics_solution_architect_agile_teams_4398531816,Renesas Electronics Solution Architect Agile Teams,Renesas Electronics,Solution Architect Agile Teams,,overview,,Coordinate with Product and R&D teams to communicate customer feedback and feature gaps.
renesas_electronics_solution_architect_agile_teams_4398531816__requirement__022,renesas_electronics_solution_architect_agile_teams_4398531816,Renesas Electronics Solution Architect Agile Teams,Renesas Electronics,Solution Architect Agile Teams,,requirement,,"Who You Are — Qualifications and Skills,"
renesas_electronics_solution_architect_agile_teams_4398531816__requirement__023,renesas_electronics_solution_architect_agile_teams_4398531816,Renesas Electronics Solution Architect Agile Teams,Renesas Electronics,Solution Architect Agile Teams,,requirement,,"Bachelor’s degree in Electrical Engineering, Electronics Engineering, Mechatronics, or related technical field — or equivalent practical experience."
renesas_electronics_solution_architect_agile_teams_4398531816__requirement__024,renesas_electronics_solution_architect_agile_teams_4398531816,Renesas Electronics Solution Architect Agile Teams,Renesas Electronics,Solution Architect Agile Teams,,requirement,,"3-5 years of experience in solutions consulting, technical support, PCB design, CAD administration, or engineering process roles."
renesas_electronics_solution_architect_agile_teams_4398531816__requirement__025,renesas_electronics_solution_architect_agile_teams_4398531816,Renesas Electronics Solution Architect Agile Teams,Renesas Electronics,Solution Architect Agile Teams,,requirement,,is highly desirable.
renesas_electronics_solution_architect_agile_teams_4398531816__requirement__026,renesas_electronics_solution_architect_agile_teams_4398531816,Renesas Electronics Solution Architect Agile Teams,Renesas Electronics,Solution Architect Agile Teams,,requirement,,"Exposure to PLM concepts (lifecycles, BOMs, change management) in an engineering environment."
renesas_electronics_solution_architect_agile_teams_4398531816__requirement__027,renesas_electronics_solution_architect_agile_teams_4398531816,Renesas Electronics Solution Architect Agile Teams,Renesas Electronics,Solution Architect Agile Teams,,requirement,,"Working knowledge of ECAD workflows, libraries, project structures, data management."
renesas_electronics_solution_architect_agile_teams_4398531816__requirement__028,renesas_electronics_solution_architect_agile_teams_4398531816,Renesas Electronics Solution Architect Agile Teams,Renesas Electronics,Solution Architect Agile Teams,,requirement,,"Understanding of cloud systems, permissions, integrations, and engineering collaboration tools."
renesas_electronics_solution_architect_agile_teams_4398531816__requirement__029,renesas_electronics_solution_architect_agile_teams_4398531816,Renesas Electronics Solution Architect Agile Teams,Renesas Electronics,Solution Architect Agile Teams,,requirement,,Basic familiarity with PLM concepts and how they apply to small engineering teams.
renesas_electronics_solution_architect_agile_teams_4398531816__requirement__030,renesas_electronics_solution_architect_agile_teams_4398531816,Renesas Electronics Solution Architect Agile Teams,Renesas Electronics,Solution Architect Agile Teams,,requirement,,"Ability to document processes, configurations, and user guides clearly and concisely."
renesas_electronics_solution_architect_agile_teams_4398531816__requirement__031,renesas_electronics_solution_architect_agile_teams_4398531816,Renesas Electronics Solution Architect Agile Teams,Renesas Electronics,Solution Architect Agile Teams,,requirement,,Strong problem‑solving abilities and willingness to explore technical challenges.
renesas_electronics_solution_architect_agile_teams_4398531816__requirement__032,renesas_electronics_solution_architect_agile_teams_4398531816,Renesas Electronics Solution Architect Agile Teams,Renesas Electronics,Solution Architect Agile Teams,,requirement,,Customer‑centric communication style with the ability to explain technical concepts simply.
renesas_electronics_solution_architect_agile_teams_4398531816__requirement__033,renesas_electronics_solution_architect_agile_teams_4398531816,Renesas Electronics Solution Architect Agile Teams,Renesas Electronics,Solution Architect Agile Teams,,requirement,,Ability to manage time across several small customer engagements.
renesas_electronics_solution_architect_agile_teams_4398531816__requirement__034,renesas_electronics_solution_architect_agile_teams_4398531816,Renesas Electronics Solution Architect Agile Teams,Renesas Electronics,Solution Architect Agile Teams,,requirement,,Team‑oriented mindset and eagerness to learn from senior architects and engineers.
renesas_electronics_solution_architect_agile_teams_4398531816__requirement__035,renesas_electronics_solution_architect_agile_teams_4398531816,Renesas Electronics Solution Architect Agile Teams,Renesas Electronics,Solution Architect Agile Teams,,requirement,,Willingness to travel occasionally to customer sites for workshops or deployments.
renesas_electronics_solution_architect_agile_teams_4398531816__requirement__036,renesas_electronics_solution_architect_agile_teams_4398531816,Renesas Electronics Solution Architect Agile Teams,Renesas Electronics,Solution Architect Agile Teams,,requirement,,Complex enterprise architecture
renesas_electronics_solution_architect_agile_teams_4398531816__requirement__037,renesas_electronics_solution_architect_agile_teams_4398531816,Renesas Electronics Solution Architect Agile Teams,Renesas Electronics,Solution Architect Agile Teams,,requirement,,Large-scale multi‑system governance
renesas_electronics_solution_architect_agile_teams_4398531816__requirement__038,renesas_electronics_solution_architect_agile_teams_4398531816,Renesas Electronics Solution Architect Agile Teams,Renesas Electronics,Solution Architect Agile Teams,,requirement,,Deep customization or extensive software engineering
renesas_electronics_solution_architect_agile_teams_4398531816__requirement__039,renesas_electronics_solution_architect_agile_teams_4398531816,Renesas Electronics Solution Architect Agile Teams,Renesas Electronics,Solution Architect Agile Teams,,requirement,,Heavy strategic consulting
renesas_electronics_solution_architect_agile_teams_4398531816__requirement__040,renesas_electronics_solution_architect_agile_teams_4398531816,Renesas Electronics Solution Architect Agile Teams,Renesas Electronics,Solution Architect Agile Teams,,requirement,,Practical configuration and workflow support
renesas_electronics_solution_architect_agile_teams_4398531816__requirement__041,renesas_electronics_solution_architect_agile_teams_4398531816,Renesas Electronics Solution Architect Agile Teams,Renesas Electronics,Solution Architect Agile Teams,,requirement,,Direct collaboration with engineers and small technical teams
renesas_electronics_solution_architect_agile_teams_4398531816__requirement__042,renesas_electronics_solution_architect_agile_teams_4398531816,Renesas Electronics Solution Architect Agile Teams,Renesas Electronics,Solution Architect Agile Teams,,requirement,,PLM‑light process enablement in Altium 365
renesas_electronics_solution_architect_agile_teams_4398531816__requirement__043,renesas_electronics_solution_architect_agile_teams_4398531816,Renesas Electronics Solution Architect Agile Teams,Renesas Electronics,Solution Architect Agile Teams,,requirement,,A stepping stone to senior/enterprise architecture roles
billgo_enterprise_architect_4395430474__overview__001,billgo_enterprise_architect_4395430474,Billgo Enterprise Architect,Billgo,Enterprise Architect,,overview,,"Enterprise Architect — Shape the Architecture That Powers BillGO’s Platform, Data, and AI Strategy"
billgo_enterprise_architect_4395430474__overview__002,billgo_enterprise_architect_4395430474,Billgo Enterprise Architect,Billgo,Enterprise Architect,,overview,,"BillGO is focused on building a lean, high-impact platform that enables B2B payments and financial workflows at scale."
billgo_enterprise_architect_4395430474__overview__003,billgo_enterprise_architect_4395430474,Billgo Enterprise Architect,Billgo,Enterprise Architect,,overview,,"Our success depends on architectural clarity, platform leverage, and disciplined use of AI to improve reliability, efficiency, and partner experience."
billgo_enterprise_architect_4395430474__overview__004,billgo_enterprise_architect_4395430474,Billgo Enterprise Architect,Billgo,Enterprise Architect,,overview,,"The Enterprise Architect owns the end-to-end technical architecture of the BillGO platform and ensures that platform, data, and AI capabilities evolve cohesively in support of business outcomes."
billgo_enterprise_architect_4395430474__overview__005,billgo_enterprise_architect_4395430474,Billgo Enterprise Architect,Billgo,Enterprise Architect,,overview,,"This is a highly influential, hands-on role."
billgo_enterprise_architect_4395430474__overview__006,billgo_enterprise_architect_4395430474,Billgo Enterprise Architect,Billgo,Enterprise Architect,,overview,,"You will work directly with the CTO, platform engineering, product, and operations to shape architectural decisions that matter — balancing speed, correctness, and long-term leverage."
billgo_enterprise_architect_4395430474__overview__007,billgo_enterprise_architect_4395430474,Billgo Enterprise Architect,Billgo,Enterprise Architect,,overview,,"Every payment, partner integration, and operational workflow at BillGO depends on a coherent, scalable architecture."
billgo_enterprise_architect_4395430474__overview__008,billgo_enterprise_architect_4395430474,Billgo Enterprise Architect,Billgo,Enterprise Architect,,overview,,The Enterprise Architect ensures that teams move fast
billgo_enterprise_architect_4395430474__overview__009,billgo_enterprise_architect_4395430474,Billgo Enterprise Architect,Billgo,Enterprise Architect,,overview,,without fragmenting the platform
billgo_enterprise_architect_4395430474__overview__010,billgo_enterprise_architect_4395430474,Billgo Enterprise Architect,Billgo,Enterprise Architect,,overview,,"By defining clear architectural direction, guardrails, and decision frameworks, this role reduces complexity, manages enterprise-level technical debt, and enables sustainable growth."
billgo_enterprise_architect_4395430474__overview__011,billgo_enterprise_architect_4395430474,Billgo Enterprise Architect,Billgo,Enterprise Architect,,overview,,"As BillGO deepens its use of AI and automation, this role ensures those capabilities are production-grade, secure, and tightly integrated into real workflows — not bolted on as experiments."
billgo_enterprise_architect_4395430474__overview__012,billgo_enterprise_architect_4395430474,Billgo Enterprise Architect,Billgo,Enterprise Architect,,overview,,This is not a purely advisory role.
billgo_enterprise_architect_4395430474__overview__013,billgo_enterprise_architect_4395430474,Billgo Enterprise Architect,Billgo,Enterprise Architect,,overview,,"It is about making decisions, driving alignment, and ensuring architecture delivers measurable business impact."
billgo_enterprise_architect_4395430474__role__014,billgo_enterprise_architect_4395430474,Billgo Enterprise Architect,Billgo,Enterprise Architect,,role,,"Define and maintain BillGO’s target-state platform architecture to support a scalable, extensible, and resilient payments platform."
billgo_enterprise_architect_4395430474__role__015,billgo_enterprise_architect_4395430474,Billgo Enterprise Architect,Billgo,Enterprise Architect,,role,,Establish and enforce architectural principles and guardrails that enable consistency while preserving team autonomy.
billgo_enterprise_architect_4395430474__role__016,billgo_enterprise_architect_4395430474,Billgo Enterprise Architect,Billgo,Enterprise Architect,,role,,"Guide architectural decisions for core payment flows, partner integrations, and shared platform services."
billgo_enterprise_architect_4395430474__role__017,billgo_enterprise_architect_4395430474,Billgo Enterprise Architect,Billgo,Enterprise Architect,,role,,"Identify, prioritize, and reduce architectural complexity and enterprise-level technical debt."
billgo_enterprise_architect_4395430474__role__018,billgo_enterprise_architect_4395430474,Billgo Enterprise Architect,Billgo,Enterprise Architect,,role,,"Ensure the architecture supports high availability, correctness, scalability, and regulatory requirements."
billgo_enterprise_architect_4395430474__role__019,billgo_enterprise_architect_4395430474,Billgo Enterprise Architect,Billgo,Enterprise Architect,,role,,"Drive Cloud, Reliability, and Cost Discipline"
billgo_enterprise_architect_4395430474__role__020,billgo_enterprise_architect_4395430474,Billgo Enterprise Architect,Billgo,Enterprise Architect,,role,,"Own the cloud architecture strategy (AWS), with emphasis on resilience, observability, and cost efficiency."
billgo_enterprise_architect_4395430474__role__021,billgo_enterprise_architect_4395430474,Billgo Enterprise Architect,Billgo,Enterprise Architect,,role,,Partner with Platform Engineering and SRE to ensure architecture supports operational excellence.
billgo_enterprise_architect_4395430474__role__022,billgo_enterprise_architect_4395430474,Billgo Enterprise Architect,Billgo,Enterprise Architect,,role,,Drive modernization and simplification initiatives where they create measurable leverage.
billgo_enterprise_architect_4395430474__role__023,billgo_enterprise_architect_4395430474,Billgo Enterprise Architect,Billgo,Enterprise Architect,,role,,Incorporate FinOps-aware design decisions into platform architecture and service patterns.
billgo_enterprise_architect_4395430474__role__024,billgo_enterprise_architect_4395430474,Billgo Enterprise Architect,Billgo,Enterprise Architect,,role,,Apply AI & Intelligent Automation
billgo_enterprise_architect_4395430474__role__025,billgo_enterprise_architect_4395430474,Billgo Enterprise Architect,Billgo,Enterprise Architect,,role,,"Identify and drive practical AI/ML use cases that improve platform and operational outcomes, including:"
billgo_enterprise_architect_4395430474__role__026,billgo_enterprise_architect_4395430474,Billgo Enterprise Architect,Billgo,Enterprise Architect,,role,,Payment exception handling and resolution
billgo_enterprise_architect_4395430474__role__027,billgo_enterprise_architect_4395430474,Billgo Enterprise Architect,Billgo,Enterprise Architect,,role,,Anomaly detection and fraud signal identification
billgo_enterprise_architect_4395430474__role__028,billgo_enterprise_architect_4395430474,Billgo Enterprise Architect,Billgo,Enterprise Architect,,role,,"Intelligent routing, retries, and decisioning"
billgo_enterprise_architect_4395430474__role__029,billgo_enterprise_architect_4395430474,Billgo Enterprise Architect,Billgo,Enterprise Architect,,role,,Partner support and operational automation
billgo_enterprise_architect_4395430474__role__030,billgo_enterprise_architect_4395430474,Billgo Enterprise Architect,Billgo,Enterprise Architect,,role,,Data pipelines and feature readiness
billgo_enterprise_architect_4395430474__role__031,billgo_enterprise_architect_4395430474,Billgo Enterprise Architect,Billgo,Enterprise Architect,,role,,Model integration and inference services
billgo_enterprise_architect_4395430474__role__032,billgo_enterprise_architect_4395430474,Billgo Enterprise Architect,Billgo,Enterprise Architect,,role,,"Monitoring, feedback loops, and governance"
billgo_enterprise_architect_4395430474__requirement__033,billgo_enterprise_architect_4395430474,Billgo Enterprise Architect,Billgo,Enterprise Architect,,requirement,,"Ensure AI capabilities are secure, explainable where required, and production-grade."
billgo_enterprise_architect_4395430474__role__034,billgo_enterprise_architect_4395430474,Billgo Enterprise Architect,Billgo,Enterprise Architect,,role,,Partner with product and engineering to ensure AI is embedded into workflows — not treated as an afterthought.
billgo_enterprise_architect_4395430474__role__035,billgo_enterprise_architect_4395430474,Billgo Enterprise Architect,Billgo,Enterprise Architect,,role,,Align Architecture with Business Strategy
billgo_enterprise_architect_4395430474__role__036,billgo_enterprise_architect_4395430474,Billgo Enterprise Architect,Billgo,Enterprise Architect,,role,,Translate BillGO’s business priorities into clear architectural decisions and tradeoffs.
billgo_enterprise_architect_4395430474__role__037,billgo_enterprise_architect_4395430474,Billgo Enterprise Architect,Billgo,Enterprise Architect,,role,,"Act as a trusted advisor to leadership on platform investments, sequencing, and risk."
billgo_enterprise_architect_4395430474__role__038,billgo_enterprise_architect_4395430474,Billgo Enterprise Architect,Billgo,Enterprise Architect,,role,,"Support strategic initiatives such as new partner models, platform extensions, and regulatory changes."
billgo_enterprise_architect_4395430474__role__039,billgo_enterprise_architect_4395430474,Billgo Enterprise Architect,Billgo,Enterprise Architect,,role,,"Evaluate vendors, platforms, and build-vs-buy decisions through an architectural lens."
billgo_enterprise_architect_4395430474__role__040,billgo_enterprise_architect_4395430474,Billgo Enterprise Architect,Billgo,Enterprise Architect,,role,,"Lead Governance, Enablement, and Culture"
billgo_enterprise_architect_4395430474__role__041,billgo_enterprise_architect_4395430474,Billgo Enterprise Architect,Billgo,Enterprise Architect,,role,,"Lead architecture reviews and provide clear, actionable guidance to engineering teams."
billgo_enterprise_architect_4395430474__role__042,billgo_enterprise_architect_4395430474,Billgo Enterprise Architect,Billgo,Enterprise Architect,,role,,Establish lightweight governance that balances autonomy with architectural coherence.
billgo_enterprise_architect_4395430474__role__043,billgo_enterprise_architect_4395430474,Billgo Enterprise Architect,Billgo,Enterprise Architect,,role,,"Document architecture in ways that are current, practical, and useful to teams."
billgo_enterprise_architect_4395430474__role__044,billgo_enterprise_architect_4395430474,Billgo Enterprise Architect,Billgo,Enterprise Architect,,role,,Mentor senior engineers and raise architectural thinking across the organization.
billgo_enterprise_architect_4395430474__preferred__045,billgo_enterprise_architect_4395430474,Billgo Enterprise Architect,Billgo,Enterprise Architect,,preferred,,"Bachelor’s degree in Computer Science, Artificial Intelligence, Data Science, or a related field (Master’s degree a plus)."
billgo_enterprise_architect_4395430474__requirement__046,billgo_enterprise_architect_4395430474,Billgo Enterprise Architect,Billgo,Enterprise Architect,,requirement,,"10+ years of experience in software engineering, systems, or architecture roles."
billgo_enterprise_architect_4395430474__requirement__047,billgo_enterprise_architect_4395430474,Billgo Enterprise Architect,Billgo,Enterprise Architect,,requirement,,"Proven experience shaping enterprise or platform architecture in fintech, payments, or enterprise SaaS environments."
billgo_enterprise_architect_4395430474__requirement__048,billgo_enterprise_architect_4395430474,Billgo Enterprise Architect,Billgo,Enterprise Architect,,requirement,,"Strong background in cloud-native, distributed systems."
billgo_enterprise_architect_4395430474__requirement__049,billgo_enterprise_architect_4395430474,Billgo Enterprise Architect,Billgo,Enterprise Architect,,requirement,,Hands-on experience integrating data and AI/ML capabilities into production systems.
billgo_enterprise_architect_4395430474__requirement__050,billgo_enterprise_architect_4395430474,Billgo Enterprise Architect,Billgo,Enterprise Architect,,requirement,,Practical experience applying AI/ML to real operational or product problems.
billgo_enterprise_architect_4395430474__requirement__051,billgo_enterprise_architect_4395430474,Billgo Enterprise Architect,Billgo,Enterprise Architect,,requirement,,"Deep understanding of APIs, integrations, and high-throughput transaction systems."
billgo_enterprise_architect_4395430474__requirement__052,billgo_enterprise_architect_4395430474,Billgo Enterprise Architect,Billgo,Enterprise Architect,,requirement,,"The ability to excel in a fast-paced, startup environment and maintain momentum through change."
billgo_enterprise_architect_4395430474__requirement__053,billgo_enterprise_architect_4395430474,Billgo Enterprise Architect,Billgo,Enterprise Architect,,requirement,,"A pragmatic, systems-driven mindset with a strong focus on delivering measurable outcomes."
billgo_enterprise_architect_4395430474__requirement__054,billgo_enterprise_architect_4395430474,Billgo Enterprise Architect,Billgo,Enterprise Architect,,requirement,,"Comfort operating effectively within a lean, evolving organization and adapting as priorities shift."
billgo_enterprise_architect_4395430474__requirement__055,billgo_enterprise_architect_4395430474,Billgo Enterprise Architect,Billgo,Enterprise Architect,,requirement,,"Sound architectural judgment, paired with the confidence to make thoughtful tradeoffs and stand behind decisions."
billgo_enterprise_architect_4395430474__requirement__056,billgo_enterprise_architect_4395430474,Billgo Enterprise Architect,Billgo,Enterprise Architect,,requirement,,"Clear, effective communication that aligns technical teams with business stakeholders and organizational goals."
billgo_enterprise_architect_4395430474__requirement__057,billgo_enterprise_architect_4395430474,Billgo Enterprise Architect,Billgo,Enterprise Architect,,requirement,,Recommended but Not Required
billgo_enterprise_architect_4395430474__requirement__058,billgo_enterprise_architect_4395430474,Billgo Enterprise Architect,Billgo,Enterprise Architect,,requirement,,"Experience in payments, banking, or financial infrastructure."
billgo_enterprise_architect_4395430474__requirement__059,billgo_enterprise_architect_4395430474,Billgo Enterprise Architect,Billgo,Enterprise Architect,,requirement,,"Exposure to fraud, risk, or compliance systems."
billgo_enterprise_architect_4395430474__requirement__060,billgo_enterprise_architect_4395430474,Billgo Enterprise Architect,Billgo,Enterprise Architect,,requirement,,Cloud or architecture certifications.
franklin_fitch_cloud_architect_4398369704__overview__001,franklin_fitch_cloud_architect_4398369704,Franklin Fitch Cloud Architect,Franklin Fitch,Cloud Architect,,overview,,A leading MSP client is hiring an Azure Cloud Architect to take ownership of large-scale cloud transformation initiatives.
franklin_fitch_cloud_architect_4398369704__overview__002,franklin_fitch_cloud_architect_4398369704,Franklin Fitch Cloud Architect,Franklin Fitch,Cloud Architect,,overview,,"This is a senior, high-impact role with a strong architectural focus, acting as the technical authority across Azure-centric projects for enterprise customers."
franklin_fitch_cloud_architect_4398369704__overview__003,franklin_fitch_cloud_architect_4398369704,Franklin Fitch Cloud Architect,Franklin Fitch,Cloud Architect,,overview,,Azure-first architecture and design (core focus)
franklin_fitch_cloud_architect_4398369704__overview__004,franklin_fitch_cloud_architect_4398369704,Franklin Fitch Cloud Architect,Franklin Fitch,Cloud Architect,,overview,,Data-center-to-Azure migration strategy and execution
franklin_fitch_cloud_architect_4398369704__overview__005,franklin_fitch_cloud_architect_4398369704,Franklin Fitch Cloud Architect,Franklin Fitch,Cloud Architect,,overview,,"Azure automation, security, and governance frameworks"
franklin_fitch_cloud_architect_4398369704__overview__006,franklin_fitch_cloud_architect_4398369704,Franklin Fitch Cloud Architect,Franklin Fitch,Cloud Architect,,overview,,Leading end-to-end cloud projects (85–90% project work)
franklin_fitch_cloud_architect_4398369704__overview__007,franklin_fitch_cloud_architect_4398369704,Franklin Fitch Cloud Architect,Franklin Fitch,Cloud Architect,,overview,,Providing architectural guidance to engineers and project teams
franklin_fitch_cloud_architect_4398369704__overview__008,franklin_fitch_cloud_architect_4398369704,Franklin Fitch Cloud Architect,Franklin Fitch,Cloud Architect,,overview,,7+ years of cloud experience
franklin_fitch_cloud_architect_4398369704__overview__009,franklin_fitch_cloud_architect_4398369704,Franklin Fitch Cloud Architect,Franklin Fitch,Cloud Architect,,overview,,"Deep Azure expertise (architecture, automation, security)"
franklin_fitch_cloud_architect_4398369704__overview__010,franklin_fitch_cloud_architect_4398369704,Franklin Fitch Cloud Architect,Franklin Fitch,Cloud Architect,,overview,,Strong experience designing and delivering migration projects
franklin_fitch_cloud_architect_4398369704__requirement__011,franklin_fitch_cloud_architect_4398369704,Franklin Fitch Cloud Architect,Franklin Fitch,Cloud Architect,,requirement,,Ability to operate independently and own outcomes
franklin_fitch_cloud_architect_4398369704__preferred__012,franklin_fitch_cloud_architect_4398369704,Franklin Fitch Cloud Architect,Franklin Fitch,Cloud Architect,,preferred,,Background in MSP or enterprise consulting environments preferred
franklin_fitch_cloud_architect_4398369704__overview__013,franklin_fitch_cloud_architect_4398369704,Franklin Fitch Cloud Architect,Franklin Fitch,Cloud Architect,,overview,,Microsoft Certified: Azure Solutions Architect Expert (AZ-305)
franklin_fitch_cloud_architect_4398369704__overview__014,franklin_fitch_cloud_architect_4398369704,Franklin Fitch Cloud Architect,Franklin Fitch,Cloud Architect,,overview,,Azure Security Engineer Associate (AZ-500) – beneficial
franklin_fitch_cloud_architect_4398369704__overview__015,franklin_fitch_cloud_architect_4398369704,Franklin Fitch Cloud Architect,Franklin Fitch,Cloud Architect,,overview,,"Infrastructure-as-Code experience (ARM, Bicep, Terraform)"
franklin_fitch_cloud_architect_4398369704__overview__016,franklin_fitch_cloud_architect_4398369704,Franklin Fitch Cloud Architect,Franklin Fitch,Cloud Architect,,overview,,Why It’s a Great Role
franklin_fitch_cloud_architect_4398369704__overview__017,franklin_fitch_cloud_architect_4398369704,Franklin Fitch Cloud Architect,Franklin Fitch,Cloud Architect,,overview,,Key Azure Architect role for a major MSP client
franklin_fitch_cloud_architect_4398369704__overview__018,franklin_fitch_cloud_architect_4398369704,Franklin Fitch Cloud Architect,Franklin Fitch,Cloud Architect,,overview,,"Ownership of long-term, high-value cloud transformation programmes"
franklin_fitch_cloud_architect_4398369704__overview__019,franklin_fitch_cloud_architect_4398369704,Franklin Fitch Cloud Architect,Franklin Fitch,Cloud Architect,,overview,,Clear progression within a senior architecture track
asana_senior_solutions_architect_4380809431__overview__001,asana_senior_solutions_architect_4380809431,Asana Senior Solutions Architect,Asana,Senior Solutions Architect,,overview,,"As a Senior Solutions Architect inside the Solutions Center of Excellence, you will serve as a strategic, technical partner in our most complex enterprise sales cycles."
asana_senior_solutions_architect_4380809431__overview__002,asana_senior_solutions_architect_4380809431,Asana Senior Solutions Architect,Asana,Senior Solutions Architect,,overview,,"You are a recognized subject matter expert who empowers global teams and customers to achieve their mission by showcasing ""the art of the possible"" through deep technical expertise in Asana’s API, AI, and platform ecosystem."
asana_senior_solutions_architect_4380809431__overview__003,asana_senior_solutions_architect_4380809431,Asana Senior Solutions Architect,Asana,Senior Solutions Architect,,overview,,"You will manage large, complex technical projects with our strategic customers, influencing both internal product roadmaps and external customer technology frameworks."
asana_senior_solutions_architect_4380809431__overview__004,asana_senior_solutions_architect_4380809431,Asana Senior Solutions Architect,Asana,Senior Solutions Architect,,overview,,This role is a transformation from one-off technical fixes to building the architectural foundation that orchestrates work at scale.
asana_senior_solutions_architect_4380809431__role__005,asana_senior_solutions_architect_4380809431,Asana Senior Solutions Architect,Asana,Senior Solutions Architect,,role,,"Strategic Team-Selling: Partner with Account Executives and Solutions Engineers to design innovative, integrated solutions that transform customer workflows and drive strategic business growth for Tier 1 accounts."
asana_senior_solutions_architect_4380809431__role__006,asana_senior_solutions_architect_4380809431,Asana Senior Solutions Architect,Asana,Senior Solutions Architect,,role,,Technical Validation & MVPs: Own the design and execution of technical proof-of-concepts (POCs) and minimum viable products (MVPs) that prove Asana’s value as a platform.
asana_senior_solutions_architect_4380809431__role__007,asana_senior_solutions_architect_4380809431,Asana Senior Solutions Architect,Asana,Senior Solutions Architect,,role,,"Platform Evangelism & Enablement: Level up the broader Solutions organization by creating technical guides, reusable demo assets, and training programs on non-code and low-code technical engagements."
asana_senior_solutions_architect_4380809431__role__008,asana_senior_solutions_architect_4380809431,Asana Senior Solutions Architect,Asana,Senior Solutions Architect,,role,,"Product Partnership: Serve as the ""eyes in the field"" for R&D, capturing insights from global enterprise engagements to influence the future roadmap of Asana’s API and AI capabilities."
asana_senior_solutions_architect_4380809431__role__009,asana_senior_solutions_architect_4380809431,Asana Senior Solutions Architect,Asana,Senior Solutions Architect,,role,,"Architectural Leadership: Develop ""before/after"" architectural frameworks and workflow diagrams that illustrate how Asana integrates into diverse customer tech stacks."
asana_senior_solutions_architect_4380809431__role__010,asana_senior_solutions_architect_4380809431,Asana Senior Solutions Architect,Asana,Senior Solutions Architect,,role,,Scaled Impact: Identify repeatable technical patterns and turn them into global assets—such as custom script galleries or workflow templates—that enable self-service across the revenue organization.
asana_senior_solutions_architect_4380809431__role__011,asana_senior_solutions_architect_4380809431,Asana Senior Solutions Architect,Asana,Senior Solutions Architect,,role,,Roadmap Influence: Partner directly with Product Management and Engineering to identify gaps and proactively shape the long-term platform strategy and roadmap.
asana_senior_solutions_architect_4380809431__requirement__012,asana_senior_solutions_architect_4380809431,Asana Senior Solutions Architect,Asana,Senior Solutions Architect,,requirement,,"Expert Architect: You have 6–10+ years of experience in a technical customer-facing role (Solutions Engineering, Architecture, or Technical Consulting)"
asana_senior_solutions_architect_4380809431__requirement__013,asana_senior_solutions_architect_4380809431,Asana Senior Solutions Architect,Asana,Senior Solutions Architect,,requirement,,"Proven Orchestrator: Extensive experience leading complex, multi-stakeholder projects end-to-end or building technical programs from the ground up."
asana_senior_solutions_architect_4380809431__requirement__014,asana_senior_solutions_architect_4380809431,Asana Senior Solutions Architect,Asana,Senior Solutions Architect,,requirement,,"Deep Technical Acumen: Proficient in scripting (Python, JavaScript, or Node.js) and designing custom integrations using RESTful APIs and serverless architectures (e.g., AWS Lambda)."
asana_senior_solutions_architect_4380809431__requirement__015,asana_senior_solutions_architect_4380809431,Asana Senior Solutions Architect,Asana,Senior Solutions Architect,,requirement,,"Strategic Thinker: You look ""around corners"" to identify technical obstacles before they arise and can articulate complex initiatives across cross-functional teams to gain internal buy-in."
asana_senior_solutions_architect_4380809431__requirement__016,asana_senior_solutions_architect_4380809431,Asana Senior Solutions Architect,Asana,Senior Solutions Architect,,requirement,,Independent Driver: A self-starter and independent thinker who thrives in dynamic environments and takes total ownership of outcomes.
asana_senior_solutions_architect_4380809431__requirement__017,asana_senior_solutions_architect_4380809431,Asana Senior Solutions Architect,Asana,Senior Solutions Architect,,requirement,,"Master Storyteller: Comfortable presenting a bold vision of the future to C-level executives, moving beyond feature-selling to value-based solutioning."
asana_senior_solutions_architect_4380809431__requirement__018,asana_senior_solutions_architect_4380809431,Asana Senior Solutions Architect,Asana,Senior Solutions Architect,,requirement,,"Global Collaborator: Skilled at influencing without authority and working across regions (NAMER, EMEA, APAC) to standardize best practices while respecting regional nuances."
asana_senior_solutions_architect_4380809431__requirement__019,asana_senior_solutions_architect_4380809431,Asana Senior Solutions Architect,Asana,Senior Solutions Architect,,requirement,,"Continuous Learner: Passionate about emerging technologies, particularly AI/LLMs, and eager to leverage them to enhance organizational productivity."
asana_senior_solutions_architect_4380809431__requirement__020,asana_senior_solutions_architect_4380809431,Asana Senior Solutions Architect,Asana,Senior Solutions Architect,,requirement,,"Cross-Functional Catalyst: Proven ability to align marketing, business, and product teams to deliver cohesive, high-value solutions."
asana_senior_solutions_architect_4380809431__requirement__021,asana_senior_solutions_architect_4380809431,Asana Senior Solutions Architect,Asana,Senior Solutions Architect,,requirement,,"Leadership: Demonstrated ability to delegate, oversee the work of others, and mentor junior team members."
asana_senior_solutions_architect_4380809431__requirement__022,asana_senior_solutions_architect_4380809431,Asana Senior Solutions Architect,Asana,Senior Solutions Architect,,requirement,,Commercial Acumen: Deep knowledge of software and SaaS buying behaviors and enterprise procurement cycles.
asana_senior_solutions_architect_4380809431__requirement__023,asana_senior_solutions_architect_4380809431,Asana Senior Solutions Architect,Asana,Senior Solutions Architect,,requirement,,"Domain Knowledge: Deep understanding of the work management category and how enterprise technology ecosystems (CRM, iPaaS, Cloud Hosting) intersect."
asana_senior_solutions_architect_4380809431__requirement__024,asana_senior_solutions_architect_4380809431,Asana Senior Solutions Architect,Asana,Senior Solutions Architect,,requirement,,"Demonstrates curiosity about AI tools and emerging technologies, with a willingness to learn and leverage them to enhance productivity, collaboration, or decision-making"
asana_senior_solutions_architect_4380809431__requirement__025,asana_senior_solutions_architect_4380809431,Asana Senior Solutions Architect,Asana,Senior Solutions Architect,,requirement,,"At Asana, we're committed to building teams that include a variety of backgrounds, perspectives, and skills, as this is critical to helping us achieve our mission."
asana_senior_solutions_architect_4380809431__requirement__026,asana_senior_solutions_architect_4380809431,Asana Senior Solutions Architect,Asana,Senior Solutions Architect,,requirement,,"If you're interested in this role and don't meet every listed requirement, we still encourage you to apply."
alo_solutions_architect_4222669018__overview__001,alo_solutions_architect_4222669018,Alo Solutions Architect,Alo,Solutions Architect,,overview,,As Solutions Architect you will be responsible for developing leading edge digital
alo_solutions_architect_4222669018__overview__002,alo_solutions_architect_4222669018,Alo Solutions Architect,Alo,Solutions Architect,,overview,,"solutions that span multiple functions, like Product, Engineering, QE, UX, MarTech,"
alo_solutions_architect_4222669018__overview__003,alo_solutions_architect_4222669018,Alo Solutions Architect,Alo,Solutions Architect,,overview,,"and Data. You will help shape technology strategy, evolve and future proof our"
alo_solutions_architect_4222669018__overview__004,alo_solutions_architect_4222669018,Alo Solutions Architect,Alo,Solutions Architect,,overview,,platform. The ideal candidate will be motivated and proactive with a strong technical
alo_solutions_architect_4222669018__overview__005,alo_solutions_architect_4222669018,Alo Solutions Architect,Alo,Solutions Architect,,overview,,"Support the development and execution of the enterprise architecture strategy, roadmaps, and governance frameworks aligned with the retail business goals"
alo_solutions_architect_4222669018__overview__006,alo_solutions_architect_4222669018,Alo Solutions Architect,Alo,Solutions Architect,,overview,,"Conduct research, analyze, design, and deliver enterprise architectures tailored for the retail industry, encompassing infrastructure, resiliency, security, governance, automation, and integration"
alo_solutions_architect_4222669018__overview__007,alo_solutions_architect_4222669018,Alo Solutions Architect,Alo,Solutions Architect,,overview,,Evaluate new technologies and determine their applicability in delivering SaaS for digital retail operations
alo_solutions_architect_4222669018__overview__008,alo_solutions_architect_4222669018,Alo Solutions Architect,Alo,Solutions Architect,,overview,,Provide architectural guidance and collaboration across stakeholder organizations to ensure solutions meet fashion retail industry requirements
alo_solutions_architect_4222669018__overview__009,alo_solutions_architect_4222669018,Alo Solutions Architect,Alo,Solutions Architect,,overview,,"Lead cloud readiness assessments, application modernization initiatives, and cost-benefit analyses for retail systems"
alo_solutions_architect_4222669018__overview__010,alo_solutions_architect_4222669018,Alo Solutions Architect,Alo,Solutions Architect,,overview,,"Design deployment architectures for enterprise services, user experience and systems/applications operational excellence to achieve optimal performance, fault tolerance, redundancy, and scalability in retail environments"
alo_solutions_architect_4222669018__overview__011,alo_solutions_architect_4222669018,Alo Solutions Architect,Alo,Solutions Architect,,overview,,Oversee the integration of omnichannel delivery methods and mobility experiences for seamless retail customer experiences
alo_solutions_architect_4222669018__overview__012,alo_solutions_architect_4222669018,Alo Solutions Architect,Alo,Solutions Architect,,overview,,"Collaborate and contribute towards a culture of innovation, excellence, pushing for adoption of good engineering practices, managing waste and technical debt to a minimum."
alo_solutions_architect_4222669018__overview__013,alo_solutions_architect_4222669018,Alo Solutions Architect,Alo,Solutions Architect,,overview,,"Embrace calculated risk-taking, necessary to promote business goals as a top"
alo_solutions_architect_4222669018__requirement__014,alo_solutions_architect_4222669018,Alo Solutions Architect,Alo,Solutions Architect,,requirement,,10+ years of overall technical experience with at least 5 years leading teams as a solutions
alo_solutions_architect_4222669018__requirement__015,alo_solutions_architect_4222669018,Alo Solutions Architect,Alo,Solutions Architect,,requirement,,Previous experience in driving composable commerce solutions for B2C digital commerce capabilities on web/mobile/app platforms.
alo_solutions_architect_4222669018__requirement__016,alo_solutions_architect_4222669018,Alo Solutions Architect,Alo,Solutions Architect,,requirement,,Use of AI/data centric approaches to scale customer journeys and digital back- end systems.
alo_solutions_architect_4222669018__requirement__017,alo_solutions_architect_4222669018,Alo Solutions Architect,Alo,Solutions Architect,,requirement,,"Proven track record of collaborating on high level abstract problem, business or technical and turning them into successful features."
alo_solutions_architect_4222669018__requirement__018,alo_solutions_architect_4222669018,Alo Solutions Architect,Alo,Solutions Architect,,requirement,,"Strong systems engineering background, distilling simple solutions for complex technical challenges, spanning define, design, develop, deploy, and operate"
alo_solutions_architect_4222669018__requirement__019,alo_solutions_architect_4222669018,Alo Solutions Architect,Alo,Solutions Architect,,requirement,,Experience working with distributed team members both onshore and offshore
alo_solutions_architect_4222669018__requirement__020,alo_solutions_architect_4222669018,Alo Solutions Architect,Alo,Solutions Architect,,requirement,,"Strong communication and interpersonal skills, with the ability to build relationships easily and collaborate effectively with cross-functional teams."
alo_solutions_architect_4222669018__requirement__021,alo_solutions_architect_4222669018,Alo Solutions Architect,Alo,Solutions Architect,,requirement,,"Well versed with UX methodologies, back-end integrations, Agile, CI/CD, DevOps, automation to build low touch systems."
alo_solutions_architect_4222669018__requirement__022,alo_solutions_architect_4222669018,Alo Solutions Architect,Alo,Solutions Architect,,requirement,,A coach and mentor who can demonstrate the craft of technology and show the way to remove roadblocks.
alo_solutions_architect_4222669018__requirement__023,alo_solutions_architect_4222669018,Alo Solutions Architect,Alo,Solutions Architect,,requirement,,"Experience developing capabilities with leading ecommerce platforms like Shopify, BigCommerce, Salesforce Cloud."
alo_solutions_architect_4222669018__requirement__024,alo_solutions_architect_4222669018,Alo Solutions Architect,Alo,Solutions Architect,,requirement,,Having a good understanding of helping make Buy vs Build decisions.
alo_solutions_architect_4222669018__requirement__025,alo_solutions_architect_4222669018,Alo Solutions Architect,Alo,Solutions Architect,,requirement,,Integration experience with incorporating third party products/vendors to enhance ecommerce capabilities.
alo_solutions_architect_4222669018__requirement__026,alo_solutions_architect_4222669018,Alo Solutions Architect,Alo,Solutions Architect,,requirement,,"Experience with major cloud providers – AWS, Azure, GCP"
alo_solutions_architect_4222669018__requirement__027,alo_solutions_architect_4222669018,Alo Solutions Architect,Alo,Solutions Architect,,requirement,,"Familiarity with modern frameworks and libraries – React, Vue, Next.js"
alo_solutions_architect_4222669018__requirement__028,alo_solutions_architect_4222669018,Alo Solutions Architect,Alo,Solutions Architect,,requirement,,This position will require you to work onsite at either our Beverly Hills or Sam Ramon office.
alo_solutions_architect_4222669018__requirement__029,alo_solutions_architect_4222669018,Alo Solutions Architect,Alo,Solutions Architect,,requirement,,"Please note that actual salaries will vary based on factors including but not limited to location, experience, and performance."
alo_solutions_architect_4222669018__requirement__030,alo_solutions_architect_4222669018,Alo Solutions Architect,Alo,Solutions Architect,,requirement,,Please also note the range listed is just one component of the company’s total rewards package for exempt employees.
alo_solutions_architect_4222669018__requirement__031,alo_solutions_architect_4222669018,Alo Solutions Architect,Alo,Solutions Architect,,requirement,,"For CA residents, Job Applicant Privacy Policy HERE."
marathon_ts_enterprise_solution_architect_4398548583__overview__001,marathon_ts_enterprise_solution_architect_4398548583,Marathon Ts Enterprise Solution Architect,Marathon Ts,Enterprise Solution Architect,,overview,,Marathon TS is looking for an Enterprise Solutions Architect to support our client at NIH.
marathon_ts_enterprise_solution_architect_4398548583__role__002,marathon_ts_enterprise_solution_architect_4398548583,Marathon Ts Enterprise Solution Architect,Marathon Ts,Enterprise Solution Architect,,role,,Lead architectural evaluation of new enterprise software platforms proposed for NIH-wide adoption.
marathon_ts_enterprise_solution_architect_4398548583__role__003,marathon_ts_enterprise_solution_architect_4398548583,Marathon Ts Enterprise Solution Architect,Marathon Ts,Enterprise Solution Architect,,role,,"Define enterprise integration patterns across NIH systems including cloud platforms, identity services, data platforms, and collaboration tools."
marathon_ts_enterprise_solution_architect_4398548583__role__004,marathon_ts_enterprise_solution_architect_4398548583,Marathon Ts Enterprise Solution Architect,Marathon Ts,Enterprise Solution Architect,,role,,Develop solution architectures that align with NIH enterprise architecture standards and security requirements.
marathon_ts_enterprise_solution_architect_4398548583__role__005,marathon_ts_enterprise_solution_architect_4398548583,Marathon Ts Enterprise Solution Architect,Marathon Ts,Enterprise Solution Architect,,role,,"Collaborate with product vendors to evaluate technical architecture, deployment models, security posture, and operational requirements."
marathon_ts_enterprise_solution_architect_4398548583__role__006,marathon_ts_enterprise_solution_architect_4398548583,Marathon Ts Enterprise Solution Architect,Marathon Ts,Enterprise Solution Architect,,role,,Define and enforce enterprise integration patterns and architecture standards across implementations.
marathon_ts_enterprise_solution_architect_4398548583__role__007,marathon_ts_enterprise_solution_architect_4398548583,Marathon Ts Enterprise Solution Architect,Marathon Ts,Enterprise Solution Architect,,role,,"Coordinate architecture alignment across CIT service areas including Cloud Services, Enterprise Platform Services, Identity and Access Management, and Operations Management Services."
marathon_ts_enterprise_solution_architect_4398548583__role__008,marathon_ts_enterprise_solution_architect_4398548583,Marathon Ts Enterprise Solution Architect,Marathon Ts,Enterprise Solution Architect,,role,,"Develop architecture documentation including solution diagrams, integration models, and platform reference architectures."
marathon_ts_enterprise_solution_architect_4398548583__role__009,marathon_ts_enterprise_solution_architect_4398548583,Marathon Ts Enterprise Solution Architect,Marathon Ts,Enterprise Solution Architect,,role,,Participate in technical governance processes and architecture review boards to ensure enterprise alignment.
marathon_ts_enterprise_solution_architect_4398548583__role__010,marathon_ts_enterprise_solution_architect_4398548583,Marathon Ts Enterprise Solution Architect,Marathon Ts,Enterprise Solution Architect,,role,,"Provide architectural input into platform selection decisions, ensuring alignment with NIH technical standards, security requirements, and operational models."
marathon_ts_enterprise_solution_architect_4398548583__role__011,marathon_ts_enterprise_solution_architect_4398548583,Marathon Ts Enterprise Solution Architect,Marathon Ts,Enterprise Solution Architect,,role,,Support transition planning for new enterprise platforms into operational support organizations after the initial rollout period.
marathon_ts_enterprise_solution_architect_4398548583__requirement__012,marathon_ts_enterprise_solution_architect_4398548583,Marathon Ts Enterprise Solution Architect,Marathon Ts,Enterprise Solution Architect,,requirement,,"Bachelor's degree in Computer Science, Engineering, Information Systems, or related technical field."
marathon_ts_enterprise_solution_architect_4398548583__requirement__013,marathon_ts_enterprise_solution_architect_4398548583,Marathon Ts Enterprise Solution Architect,Marathon Ts,Enterprise Solution Architect,,requirement,,Google Cloud Professional Architect (or equivalent Google Cloud certification).
marathon_ts_enterprise_solution_architect_4398548583__requirement__014,marathon_ts_enterprise_solution_architect_4398548583,Marathon Ts Enterprise Solution Architect,Marathon Ts,Enterprise Solution Architect,,requirement,,10+ years of experience designing and implementing enterprise software solutions.
marathon_ts_enterprise_solution_architect_4398548583__role__015,marathon_ts_enterprise_solution_architect_4398548583,Marathon Ts Enterprise Solution Architect,Marathon Ts,Enterprise Solution Architect,,role,,Experience developing enterprise architecture for cloud-based platforms and SaaS environments.
marathon_ts_enterprise_solution_architect_4398548583__role__016,marathon_ts_enterprise_solution_architect_4398548583,Marathon Ts Enterprise Solution Architect,Marathon Ts,Enterprise Solution Architect,,role,,Experience evaluating and integrating enterprise software products across large organizations.
marathon_ts_enterprise_solution_architect_4398548583__requirement__017,marathon_ts_enterprise_solution_architect_4398548583,Marathon Ts Enterprise Solution Architect,Marathon Ts,Enterprise Solution Architect,,requirement,,"Experience with enterprise integration patterns including APIs, identity federation, and data exchange architectures."
marathon_ts_enterprise_solution_architect_4398548583__role__018,marathon_ts_enterprise_solution_architect_4398548583,Marathon Ts Enterprise Solution Architect,Marathon Ts,Enterprise Solution Architect,,role,,"Experience working with major cloud platforms including AWS, Microsoft Azure, or Google Cloud."
marathon_ts_enterprise_solution_architect_4398548583__role__019,marathon_ts_enterprise_solution_architect_4398548583,Marathon Ts Enterprise Solution Architect,Marathon Ts,Enterprise Solution Architect,,role,,Strong understanding of enterprise security architecture and compliance frameworks.
marathon_ts_enterprise_solution_architect_4398548583__role__020,marathon_ts_enterprise_solution_architect_4398548583,Marathon Ts Enterprise Solution Architect,Marathon Ts,Enterprise Solution Architect,,role,,Experience collaborating with technical and non-technical stakeholders to guide platform adoption decisions.
marathon_ts_enterprise_solution_architect_4398548583__role__021,marathon_ts_enterprise_solution_architect_4398548583,Marathon Ts Enterprise Solution Architect,Marathon Ts,Enterprise Solution Architect,,role,,Experience supporting federal government IT environments.
marathon_ts_enterprise_solution_architect_4398548583__requirement__022,marathon_ts_enterprise_solution_architect_4398548583,Marathon Ts Enterprise Solution Architect,Marathon Ts,Enterprise Solution Architect,,requirement,,Familiarity with NIH enterprise systems and research computing environments.
marathon_ts_enterprise_solution_architect_4398548583__role__023,marathon_ts_enterprise_solution_architect_4398548583,Marathon Ts Enterprise Solution Architect,Marathon Ts,Enterprise Solution Architect,,role,,"Experience integrating enterprise SaaS platforms such as Atlassian products, Slack, MATLAB, SAS, or similar scientific software platforms."
marathon_ts_enterprise_solution_architect_4398548583__role__024,marathon_ts_enterprise_solution_architect_4398548583,Marathon Ts Enterprise Solution Architect,Marathon Ts,Enterprise Solution Architect,,role,,Experience supporting enterprise architecture governance and review boards.
marathon_ts_enterprise_solution_architect_4398548583__role__025,marathon_ts_enterprise_solution_architect_4398548583,Marathon Ts Enterprise Solution Architect,Marathon Ts,Enterprise Solution Architect,,role,,Experience working in Agile product or platform development environments.
marathon_ts_enterprise_solution_architect_4398548583__requirement__026,marathon_ts_enterprise_solution_architect_4398548583,Marathon Ts Enterprise Solution Architect,Marathon Ts,Enterprise Solution Architect,,requirement,,Familiarity with identity and access management platforms and enterprise collaboration systems.
roku_senior_product_manager_the_roku_channel_roku_us_4366935365__overview__001,roku_senior_product_manager_the_roku_channel_roku_us_4366935365,Roku Senior Product Manager The Roku Channel Roku Us,Roku,Senior Product Manager The Roku Channel Roku Us,,overview,,"Roku is the #1 TV streaming platform in the U.S., Canada, and Mexico, and we've set our sights on powering every television in the world."
roku_senior_product_manager_the_roku_channel_roku_us_4366935365__overview__002,roku_senior_product_manager_the_roku_channel_roku_us_4366935365,Roku Senior Product Manager The Roku Channel Roku Us,Roku,Senior Product Manager The Roku Channel Roku Us,,overview,,Our mission is to be the TV streaming platform that connects the entire TV ecosystem.
roku_senior_product_manager_the_roku_channel_roku_us_4366935365__overview__003,roku_senior_product_manager_the_roku_channel_roku_us_4366935365,Roku Senior Product Manager The Roku Channel Roku Us,Roku,Senior Product Manager The Roku Channel Roku Us,,overview,,"We connect consumers to the content they love, enable content publishers to build and monetize large audiences, and provide advertisers unique capabilities to engage consumers."
roku_senior_product_manager_the_roku_channel_roku_us_4366935365__overview__004,roku_senior_product_manager_the_roku_channel_roku_us_4366935365,Roku Senior Product Manager The Roku Channel Roku Us,Roku,Senior Product Manager The Roku Channel Roku Us,,overview,,We offer you the opportunity to delight millions of TV streamers around the world while gaining meaningful experience across a variety of disciplines.
roku_senior_product_manager_the_roku_channel_roku_us_4366935365__overview__005,roku_senior_product_manager_the_roku_channel_roku_us_4366935365,Roku Senior Product Manager The Roku Channel Roku Us,Roku,Senior Product Manager The Roku Channel Roku Us,,overview,,"The Consumer Apps team is responsible for Roku’s core user-facing applications across streaming and utility experiences, including The Roku Channel and the Roku Mobile App."
roku_senior_product_manager_the_roku_channel_roku_us_4366935365__overview__006,roku_senior_product_manager_the_roku_channel_roku_us_4366935365,Roku Senior Product Manager The Roku Channel Roku Us,Roku,Senior Product Manager The Roku Channel Roku Us,,overview,,"We deliver The Roku Channel across Roku devices and off-platform environments (including web and third-party connected TV platforms), and we build mobile experiences that help customers discover, stream, and engage with the Roku ecosystem at scale."
roku_senior_product_manager_the_roku_channel_roku_us_4366935365__overview__007,roku_senior_product_manager_the_roku_channel_roku_us_4366935365,Roku Senior Product Manager The Roku Channel Roku Us,Roku,Senior Product Manager The Roku Channel Roku Us,,overview,,"We partner closely with Engineering, UX, Content, Data, and Business teams to deliver cohesive, high-quality experiences that drive engagement and growth."
roku_senior_product_manager_the_roku_channel_roku_us_4366935365__requirement__008,roku_senior_product_manager_the_roku_channel_roku_us_4366935365,Roku Senior Product Manager The Roku Channel Roku Us,Roku,Senior Product Manager The Roku Channel Roku Us,,requirement,,"As a Senior Product Manager, The Roku Channel – Roku OS, you will own the streaming-service experience for The Roku Channel on Roku’s flagship platform."
roku_senior_product_manager_the_roku_channel_roku_us_4366935365__requirement__009,roku_senior_product_manager_the_roku_channel_roku_us_4366935365,Roku Senior Product Manager The Roku Channel Roku Us,Roku,Senior Product Manager The Roku Channel Roku Us,,requirement,,"This role is for a product leader who thinks like a streaming service operator - deeply customer-obsessed, fluent in discovery and engagement loops, and comfortable balancing viewer experience with content and monetization goals."
roku_senior_product_manager_the_roku_channel_roku_us_4366935365__overview__010,roku_senior_product_manager_the_roku_channel_roku_us_4366935365,Roku Senior Product Manager The Roku Channel Roku Us,Roku,Senior Product Manager The Roku Channel Roku Us,,overview,,"You’ll define and deliver experiences that help viewers find something great to watch quickly, keep them coming back, and showcase Roku’s evolving content catalog."
roku_senior_product_manager_the_roku_channel_roku_us_4366935365__overview__011,roku_senior_product_manager_the_roku_channel_roku_us_4366935365,Roku Senior Product Manager The Roku Channel Roku Us,Roku,Senior Product Manager The Roku Channel Roku Us,,overview,,"You’ll partner closely with Design, Engineering, and Data/Analytics to ship and iterate, collaborate with a Recommendations/Personalization PM to balance merchandising and ML thoughtfully, and work hand-in-hand with Content Strategy/Programming to align product experiences with launches, tentpoles, and ongoing merchandising needs."
roku_senior_product_manager_the_roku_channel_roku_us_4366935365__overview__012,roku_senior_product_manager_the_roku_channel_roku_us_4366935365,Roku Senior Product Manager The Roku Channel Roku Us,Roku,Senior Product Manager The Roku Channel Roku Us,,overview,,"This position is based in San Jose, reporting to Director of Product, Consumer Apps."
roku_senior_product_manager_the_roku_channel_roku_us_4366935365__requirement__013,roku_senior_product_manager_the_roku_channel_roku_us_4366935365,Roku Senior Product Manager The Roku Channel Roku Us,Roku,Senior Product Manager The Roku Channel Roku Us,,requirement,,"Compensation packages are based on factors unique to each candidate, including but not limited to skill set, certifications, and specific geographical location."
roku_senior_product_manager_the_roku_channel_roku_us_4366935365__overview__014,roku_senior_product_manager_the_roku_channel_roku_us_4366935365,Roku Senior Product Manager The Roku Channel Roku Us,Roku,Senior Product Manager The Roku Channel Roku Us,,overview,,"Own The Roku Channel roadmap for Roku OS end-to-end: Define and deliver a multi-quarter vision across key streaming journeys including discovery, navigation, content details, and engagement loops"
roku_senior_product_manager_the_roku_channel_roku_us_4366935365__overview__015,roku_senior_product_manager_the_roku_channel_roku_us_4366935365,Roku Senior Product Manager The Roku Channel Roku Us,Roku,Senior Product Manager The Roku Channel Roku Us,,overview,,"Champion streaming-service craftsmanship: Identify friction and opportunities across time-to-content, selection rate, and repeat engagement - balancing viewer delight with business goals"
roku_senior_product_manager_the_roku_channel_roku_us_4366935365__overview__016,roku_senior_product_manager_the_roku_channel_roku_us_4366935365,Roku Senior Product Manager The Roku Channel Roku Us,Roku,Senior Product Manager The Roku Channel Roku Us,,overview,,"Prioritize with impact: Draw hard lines on priorities informed by viewer insights, content strategy, company goals, and data - ensuring we ship high-ROI experiences"
roku_senior_product_manager_the_roku_channel_roku_us_4366935365__overview__017,roku_senior_product_manager_the_roku_channel_roku_us_4366935365,Roku Senior Product Manager The Roku Channel Roku Us,Roku,Senior Product Manager The Roku Channel Roku Us,,overview,,Be intensely data-driven: Define KPIs and success criteria
roku_senior_product_manager_the_roku_channel_roku_us_4366935365__overview__018,roku_senior_product_manager_the_roku_channel_roku_us_4366935365,Roku Senior Product Manager The Roku Channel Roku Us,Roku,Senior Product Manager The Roku Channel Roku Us,,overview,,"Partner deeply with UX: Design intuitive, high-performing experiences that balance usability, editorial storytelling, and personalization"
roku_senior_product_manager_the_roku_channel_roku_us_4366935365__overview__019,roku_senior_product_manager_the_roku_channel_roku_us_4366935365,Roku Senior Product Manager The Roku Channel Roku Us,Roku,Senior Product Manager The Roku Channel Roku Us,,overview,,"Lead execution with Engineering: Translate strategy into crisp PRDs, align scope and milestones, and deliver high-quality features on predictable timelines"
roku_senior_product_manager_the_roku_channel_roku_us_4366935365__overview__020,roku_senior_product_manager_the_roku_channel_roku_us_4366935365,Roku Senior Product Manager The Roku Channel Roku Us,Roku,Senior Product Manager The Roku Channel Roku Us,,overview,,"Operationalize programming and merchandising: Work with Content Strategy/Programming to translate launches, tentpoles, and seasonal moments into scalable merchandising patterns (collections, campaigns, modules, messaging)"
roku_senior_product_manager_the_roku_channel_roku_us_4366935365__overview__021,roku_senior_product_manager_the_roku_channel_roku_us_4366935365,Roku Senior Product Manager The Roku Channel Roku Us,Roku,Senior Product Manager The Roku Channel Roku Us,,overview,,"Collaborate with Recommendations/Personalization: Integrate ML-powered discovery thoughtfully balancing editorial intent, personalization, and experimentation to improve satisfaction and engagement"
roku_senior_product_manager_the_roku_channel_roku_us_4366935365__overview__022,roku_senior_product_manager_the_roku_channel_roku_us_4366935365,Roku Senior Product Manager The Roku Channel Roku Us,Roku,Senior Product Manager The Roku Channel Roku Us,,overview,,Partner with the Search team: Ensure Roku Channel content is discoverable and represented effectively across search entry points and results experiences
roku_senior_product_manager_the_roku_channel_roku_us_4366935365__overview__023,roku_senior_product_manager_the_roku_channel_roku_us_4366935365,Roku Senior Product Manager The Roku Channel Roku Us,Roku,Senior Product Manager The Roku Channel Roku Us,,overview,,"Monitor and optimize performance: Track dashboards, cohorts, and content-level insights"
roku_senior_product_manager_the_roku_channel_roku_us_4366935365__overview__024,roku_senior_product_manager_the_roku_channel_roku_us_4366935365,Roku Senior Product Manager The Roku Channel Roku Us,Roku,Senior Product Manager The Roku Channel Roku Us,,overview,,"Communicate with clarity: Align stakeholders across Product, Design, Engineering, Data, and Content"
roku_senior_product_manager_the_roku_channel_roku_us_4366935365__requirement__025,roku_senior_product_manager_the_roku_channel_roku_us_4366935365,Roku Senior Product Manager The Roku Channel Roku Us,Roku,Senior Product Manager The Roku Channel Roku Us,,requirement,,8+ years of product management experience with increasing scope and cross-functional impact
roku_senior_product_manager_the_roku_channel_roku_us_4366935365__overview__026,roku_senior_product_manager_the_roku_channel_roku_us_4366935365,Roku Senior Product Manager The Roku Channel Roku Us,Roku,Senior Product Manager The Roku Channel Roku Us,,overview,,Strong streaming services background (AVOD/SVOD/FAST) - experience owning customer journeys and business outcomes for a streaming app or service
roku_senior_product_manager_the_roku_channel_roku_us_4366935365__overview__027,roku_senior_product_manager_the_roku_channel_roku_us_4366935365,Roku Senior Product Manager The Roku Channel Roku Us,Roku,Senior Product Manager The Roku Channel Roku Us,,overview,,"Demonstrated success driving engagement and retention through discovery improvements, merchandising strategy, and personalization-informed experiences"
roku_senior_product_manager_the_roku_channel_roku_us_4366935365__overview__028,roku_senior_product_manager_the_roku_channel_roku_us_4366935365,Roku Senior Product Manager The Roku Channel Roku Us,Roku,Senior Product Manager The Roku Channel Roku Us,,overview,,Experience partnering closely with Content/Programming teams and translating content goals into scalable product experiences
roku_senior_product_manager_the_roku_channel_roku_us_4366935365__overview__029,roku_senior_product_manager_the_roku_channel_roku_us_4366935365,Roku Senior Product Manager The Roku Channel Roku Us,Roku,Senior Product Manager The Roku Channel Roku Us,,overview,,"Strong analytical skills: defining KPIs, building measurement plans, and using data to guide prioritization and iteration (funnels, cohorts, content-level performance, experiments)"
roku_senior_product_manager_the_roku_channel_roku_us_4366935365__overview__030,roku_senior_product_manager_the_roku_channel_roku_us_4366935365,Roku Senior Product Manager The Roku Channel Roku Us,Roku,Senior Product Manager The Roku Channel Roku Us,,overview,,"Excellent product judgment and UX sensibility for content-rich UIs (home, navigation, rails, content details)"
roku_senior_product_manager_the_roku_channel_roku_us_4366935365__overview__031,roku_senior_product_manager_the_roku_channel_roku_us_4366935365,Roku Senior Product Manager The Roku Channel Roku Us,Roku,Senior Product Manager The Roku Channel Roku Us,,overview,,"Technical fluency: comfortable working with APIs, data pipelines, experimentation frameworks, and client performance considerations"
roku_senior_product_manager_the_roku_channel_roku_us_4366935365__requirement__032,roku_senior_product_manager_the_roku_channel_roku_us_4366935365,Roku Senior Product Manager The Roku Channel Roku Us,Roku,Senior Product Manager The Roku Channel Roku Us,,requirement,,Exceptional communication and stakeholder leadership skills
roku_senior_product_manager_the_roku_channel_roku_us_4366935365__requirement__033,roku_senior_product_manager_the_roku_channel_roku_us_4366935365,Roku Senior Product Manager The Roku Channel Roku Us,Roku,Senior Product Manager The Roku Channel Roku Us,,requirement,,"ability to influence decisions across Product, Design, Engineering, Data, Search, and Content teams"
roku_senior_product_manager_the_roku_channel_roku_us_4366935365__preferred__034,roku_senior_product_manager_the_roku_channel_roku_us_4366935365,Roku Senior Product Manager The Roku Channel Roku Us,Roku,Senior Product Manager The Roku Channel Roku Us,,preferred,,"Bachelor’s degree required, technical degree a plus"
roku_senior_product_manager_the_roku_channel_roku_us_4366935365__requirement__035,roku_senior_product_manager_the_roku_channel_roku_us_4366935365,Roku Senior Product Manager The Roku Channel Roku Us,Roku,Senior Product Manager The Roku Channel Roku Us,,requirement,,Roku fosters an inclusive and collaborative environment where teams work in the office Monday through Thursday.
roku_senior_product_manager_the_roku_channel_roku_us_4366935365__requirement__036,roku_senior_product_manager_the_roku_channel_roku_us_4366935365,Roku Senior Product Manager The Roku Channel Roku Us,Roku,Senior Product Manager The Roku Channel Roku Us,,requirement,,Fridays are flexible for remote work except for employees whose roles are required to be in the office five days a week or employees who are in offices with a five day in office policy.
roku_senior_product_manager_the_roku_channel_roku_us_4366935365__overview__037,roku_senior_product_manager_the_roku_channel_roku_us_4366935365,Roku Senior Product Manager The Roku Channel Roku Us,Roku,Senior Product Manager The Roku Channel Roku Us,,overview,,It's important to note that not every benefit is available in all locations or for every role.
linkedin_senior_product_manager_new_member_acquisition_4391879672__overview__001,linkedin_senior_product_manager_new_member_acquisition_4391879672,Linkedin Senior Product Manager New Member Acquisition,Linkedin,Senior Product Manager New Member Acquisition,,overview,,"LinkedIn is the world’s largest professional network, built to create economic opportunity for every member of the global workforce."
linkedin_senior_product_manager_new_member_acquisition_4391879672__overview__002,linkedin_senior_product_manager_new_member_acquisition_4391879672,Linkedin Senior Product Manager New Member Acquisition,Linkedin,Senior Product Manager New Member Acquisition,,overview,,"Our products help people make powerful connections, discover exciting opportunities, build necessary skills, and gain valuable insights every day."
linkedin_senior_product_manager_new_member_acquisition_4391879672__overview__003,linkedin_senior_product_manager_new_member_acquisition_4391879672,Linkedin Senior Product Manager New Member Acquisition,Linkedin,Senior Product Manager New Member Acquisition,,overview,,"This role will be based in Mountain View or San Francisco, CA."
linkedin_senior_product_manager_new_member_acquisition_4391879672__overview__004,linkedin_senior_product_manager_new_member_acquisition_4391879672,Linkedin Senior Product Manager New Member Acquisition,Linkedin,Senior Product Manager New Member Acquisition,,overview,,"At LinkedIn, our approach to flexible work is centered on trust and optimized for culture, connection, clarity, and the evolving needs of our business."
linkedin_senior_product_manager_new_member_acquisition_4391879672__overview__005,linkedin_senior_product_manager_new_member_acquisition_4391879672,Linkedin Senior Product Manager New Member Acquisition,Linkedin,Senior Product Manager New Member Acquisition,,overview,,"The work location of this role is hybrid, meaning it will be performed both from home and from a LinkedIn office on select days, as determined by the business needs of the team."
linkedin_senior_product_manager_new_member_acquisition_4391879672__overview__006,linkedin_senior_product_manager_new_member_acquisition_4391879672,Linkedin Senior Product Manager New Member Acquisition,Linkedin,Senior Product Manager New Member Acquisition,,overview,,We’re looking for a Senior Product Manager on the Core Growth team to lead LinkedIn’s New Member Acquisition workstream.
linkedin_senior_product_manager_new_member_acquisition_4391879672__overview__007,linkedin_senior_product_manager_new_member_acquisition_4391879672,Linkedin Senior Product Manager New Member Acquisition,Linkedin,Senior Product Manager New Member Acquisition,,overview,,"This is a unique opportunity to own the product vision, strategy, and roadmap for experiences that span across all of LinkedIn’s product lines."
linkedin_senior_product_manager_new_member_acquisition_4391879672__overview__008,linkedin_senior_product_manager_new_member_acquisition_4391879672,Linkedin Senior Product Manager New Member Acquisition,Linkedin,Senior Product Manager New Member Acquisition,,overview,,"In this high impact, high visibility role, you’ll have direct line of sight to driving the most important metrics for the company, by helping users get the most out of each email and each visit."
linkedin_senior_product_manager_new_member_acquisition_4391879672__overview__009,linkedin_senior_product_manager_new_member_acquisition_4391879672,Linkedin Senior Product Manager New Member Acquisition,Linkedin,Senior Product Manager New Member Acquisition,,overview,,"You’ll operate as a full-stack product builder, owning everything from problem definition and roadmap through execution, launch, and iteration."
linkedin_senior_product_manager_new_member_acquisition_4391879672__overview__010,linkedin_senior_product_manager_new_member_acquisition_4391879672,Linkedin Senior Product Manager New Member Acquisition,Linkedin,Senior Product Manager New Member Acquisition,,overview,,"You’ll work with fully staffed engineering and cross-functional teams that have driven consistent results, identifying opportunities to build new features, creating roadmap and detailed specs, and executing with them to ship impact."
linkedin_senior_product_manager_new_member_acquisition_4391879672__overview__011,linkedin_senior_product_manager_new_member_acquisition_4391879672,Linkedin Senior Product Manager New Member Acquisition,Linkedin,Senior Product Manager New Member Acquisition,,overview,,"You’ll also own the go-to-market (GTM) plans with Marketing, Business Development, Sales, Editorial colleagues, and additional functions."
linkedin_senior_product_manager_new_member_acquisition_4391879672__role__012,linkedin_senior_product_manager_new_member_acquisition_4391879672,Linkedin Senior Product Manager New Member Acquisition,Linkedin,Senior Product Manager New Member Acquisition,,role,,"Collaborate with engineering, data science, design, and other counterparts to build team’s strategy and roadmap and drive execution."
linkedin_senior_product_manager_new_member_acquisition_4391879672__role__013,linkedin_senior_product_manager_new_member_acquisition_4391879672,Linkedin Senior Product Manager New Member Acquisition,Linkedin,Senior Product Manager New Member Acquisition,,role,,Build a deep understanding of conversion funnels by conducting qualitative and quantitative research and identifying high impact product opportunities.
linkedin_senior_product_manager_new_member_acquisition_4391879672__role__014,linkedin_senior_product_manager_new_member_acquisition_4391879672,Linkedin Senior Product Manager New Member Acquisition,Linkedin,Senior Product Manager New Member Acquisition,,role,,"Create user stories, use cases, requirement documents and proposals with clear MVP definition and success metrics."
linkedin_senior_product_manager_new_member_acquisition_4391879672__role__015,linkedin_senior_product_manager_new_member_acquisition_4391879672,Linkedin Senior Product Manager New Member Acquisition,Linkedin,Senior Product Manager New Member Acquisition,,role,,Measure progress of business success metrics towards KPI targets.
linkedin_senior_product_manager_new_member_acquisition_4391879672__role__016,linkedin_senior_product_manager_new_member_acquisition_4391879672,Linkedin Senior Product Manager New Member Acquisition,Linkedin,Senior Product Manager New Member Acquisition,,role,,"Serve as the main POC and SME for acquiring new members collaborating across functions (BD, PMM, Editorial, PR, and other functions) and bringing features and initiatives successfully to market."
linkedin_senior_product_manager_new_member_acquisition_4391879672__role__017,linkedin_senior_product_manager_new_member_acquisition_4391879672,Linkedin Senior Product Manager New Member Acquisition,Linkedin,Senior Product Manager New Member Acquisition,,role,,Communicate and evangelize the product vision and progress throughout LinkedIn from C-level stakeholders on down.
linkedin_senior_product_manager_new_member_acquisition_4391879672__role__018,linkedin_senior_product_manager_new_member_acquisition_4391879672,Linkedin Senior Product Manager New Member Acquisition,Linkedin,Senior Product Manager New Member Acquisition,,role,,Ensure transparency and alignment across the company.
linkedin_senior_product_manager_new_member_acquisition_4391879672__role__019,linkedin_senior_product_manager_new_member_acquisition_4391879672,Linkedin Senior Product Manager New Member Acquisition,Linkedin,Senior Product Manager New Member Acquisition,,role,,"Lead analyses of the competitive environment, customers and product metrics to determine the right set of features to drive growth and engagement."
linkedin_senior_product_manager_new_member_acquisition_4391879672__role__020,linkedin_senior_product_manager_new_member_acquisition_4391879672,Linkedin Senior Product Manager New Member Acquisition,Linkedin,Senior Product Manager New Member Acquisition,,role,,Identify and prioritize tech investment and support resources necessary for innovation and continuous improvement to achieve successful outcome of the product.
linkedin_senior_product_manager_new_member_acquisition_4391879672__role__021,linkedin_senior_product_manager_new_member_acquisition_4391879672,Linkedin Senior Product Manager New Member Acquisition,Linkedin,Senior Product Manager New Member Acquisition,,role,,Develop and monitor OKRs for key product initiatives and ensure alignment with stakeholder objectives.
linkedin_senior_product_manager_new_member_acquisition_4391879672__role__022,linkedin_senior_product_manager_new_member_acquisition_4391879672,Linkedin Senior Product Manager New Member Acquisition,Linkedin,Senior Product Manager New Member Acquisition,,role,,Work horizontally across all LinkedIn’s key businesses and influence roadmap
linkedin_senior_product_manager_new_member_acquisition_4391879672__requirement__023,linkedin_senior_product_manager_new_member_acquisition_4391879672,Linkedin Senior Product Manager New Member Acquisition,Linkedin,Senior Product Manager New Member Acquisition,,requirement,,BS/BA Degree in a technology related field OR equivalent experience
linkedin_senior_product_manager_new_member_acquisition_4391879672__requirement__024,linkedin_senior_product_manager_new_member_acquisition_4391879672,Linkedin Senior Product Manager New Member Acquisition,Linkedin,Senior Product Manager New Member Acquisition,,requirement,,4+ years of experience in product management or equivalent role
linkedin_senior_product_manager_new_member_acquisition_4391879672__requirement__025,linkedin_senior_product_manager_new_member_acquisition_4391879672,Linkedin Senior Product Manager New Member Acquisition,Linkedin,Senior Product Manager New Member Acquisition,,requirement,,6+ years of experience in product management or equivalent role
linkedin_senior_product_manager_new_member_acquisition_4391879672__requirement__026,linkedin_senior_product_manager_new_member_acquisition_4391879672,Linkedin Senior Product Manager New Member Acquisition,Linkedin,Senior Product Manager New Member Acquisition,,requirement,,Go-To-Market knowledge and experience.
linkedin_senior_product_manager_new_member_acquisition_4391879672__requirement__027,linkedin_senior_product_manager_new_member_acquisition_4391879672,Linkedin Senior Product Manager New Member Acquisition,Linkedin,Senior Product Manager New Member Acquisition,,requirement,,Experience with user acquisition/top of funnel user growth.
linkedin_senior_product_manager_new_member_acquisition_4391879672__requirement__028,linkedin_senior_product_manager_new_member_acquisition_4391879672,Linkedin Senior Product Manager New Member Acquisition,Linkedin,Senior Product Manager New Member Acquisition,,requirement,,Experience working on consumer growth initiatives.
linkedin_senior_product_manager_new_member_acquisition_4391879672__requirement__029,linkedin_senior_product_manager_new_member_acquisition_4391879672,Linkedin Senior Product Manager New Member Acquisition,Linkedin,Senior Product Manager New Member Acquisition,,requirement,,Experience working on highly iterative product development.
linkedin_senior_product_manager_new_member_acquisition_4391879672__requirement__030,linkedin_senior_product_manager_new_member_acquisition_4391879672,Linkedin Senior Product Manager New Member Acquisition,Linkedin,Senior Product Manager New Member Acquisition,,requirement,,Experience working on Social Networks at scale.
linkedin_senior_product_manager_new_member_acquisition_4391879672__requirement__031,linkedin_senior_product_manager_new_member_acquisition_4391879672,Linkedin Senior Product Manager New Member Acquisition,Linkedin,Senior Product Manager New Member Acquisition,,requirement,,Excellent communication skills with the ability to interact with and understand technical subjects and emerging technologies and their relevance to the marketplace.
linkedin_senior_product_manager_new_member_acquisition_4391879672__requirement__032,linkedin_senior_product_manager_new_member_acquisition_4391879672,Linkedin Senior Product Manager New Member Acquisition,Linkedin,Senior Product Manager New Member Acquisition,,requirement,,Ability to manage and lead across highly cross-functional teams.
linkedin_senior_product_manager_new_member_acquisition_4391879672__requirement__033,linkedin_senior_product_manager_new_member_acquisition_4391879672,Linkedin Senior Product Manager New Member Acquisition,Linkedin,Senior Product Manager New Member Acquisition,,requirement,,Ability to communicate findings clearly to both technical and non-technical audiences.
linkedin_senior_product_manager_new_member_acquisition_4391879672__preferred__034,linkedin_senior_product_manager_new_member_acquisition_4391879672,Linkedin Senior Product Manager New Member Acquisition,Linkedin,Senior Product Manager New Member Acquisition,,preferred,,MBA is a plus.
linkedin_senior_product_manager_new_member_acquisition_4391879672__requirement__035,linkedin_senior_product_manager_new_member_acquisition_4391879672,Linkedin Senior Product Manager New Member Acquisition,Linkedin,Senior Product Manager New Member Acquisition,,requirement,,LinkedIn is committed to fair and equitable compensation practices.
linkedin_senior_product_manager_new_member_acquisition_4391879672__requirement__036,linkedin_senior_product_manager_new_member_acquisition_4391879672,Linkedin Senior Product Manager New Member Acquisition,Linkedin,Senior Product Manager New Member Acquisition,,requirement,,"Actual compensation packages are based on several factors that are unique to each candidate, including but not limited to skill set, depth of experience, certifications, and specific work location."
linkedin_senior_product_manager_new_member_acquisition_4391879672__requirement__037,linkedin_senior_product_manager_new_member_acquisition_4391879672,Linkedin Senior Product Manager New Member Acquisition,Linkedin,Senior Product Manager New Member Acquisition,,requirement,,This may be different in other locations due to differences in the cost of labor.
linkedin_senior_product_manager_smb_hiring_4391898121__overview__001,linkedin_senior_product_manager_smb_hiring_4391898121,Linkedin Senior Product Manager Smb Hiring,Linkedin,Senior Product Manager Smb Hiring,,overview,,"LinkedIn is the world’s largest professional network, built to create economic opportunity for every member of the global workforce."
linkedin_senior_product_manager_smb_hiring_4391898121__overview__002,linkedin_senior_product_manager_smb_hiring_4391898121,Linkedin Senior Product Manager Smb Hiring,Linkedin,Senior Product Manager Smb Hiring,,overview,,"Our products help people make powerful connections, discover exciting opportunities, build necessary skills, and gain valuable insights every day."
linkedin_senior_product_manager_smb_hiring_4391898121__overview__003,linkedin_senior_product_manager_smb_hiring_4391898121,Linkedin Senior Product Manager Smb Hiring,Linkedin,Senior Product Manager Smb Hiring,,overview,,"At LinkedIn, our approach to flexible work is centered on trust and optimized for culture, connection, clarity, and the evolving needs of our business."
linkedin_senior_product_manager_smb_hiring_4391898121__overview__004,linkedin_senior_product_manager_smb_hiring_4391898121,Linkedin Senior Product Manager Smb Hiring,Linkedin,Senior Product Manager Smb Hiring,,overview,,"The work location of this role is hybrid, meaning it will be performed both from home and from a LinkedIn office on select days, as determined by the business needs of the team."
linkedin_senior_product_manager_smb_hiring_4391898121__overview__005,linkedin_senior_product_manager_smb_hiring_4391898121,Linkedin Senior Product Manager Smb Hiring,Linkedin,Senior Product Manager Smb Hiring,,overview,,We are looking for a self-driven and passionate Senior Product Manager to lead growth and monetization of LinkedIn’s Hiring Pro.
linkedin_senior_product_manager_smb_hiring_4391898121__overview__006,linkedin_senior_product_manager_smb_hiring_4391898121,Linkedin Senior Product Manager Smb Hiring,Linkedin,Senior Product Manager Smb Hiring,,overview,,This role is responsible for delivering a product strategy and roadmap and working cross-functionally to deliver business results.
linkedin_senior_product_manager_smb_hiring_4391898121__overview__007,linkedin_senior_product_manager_smb_hiring_4391898121,Linkedin Senior Product Manager Smb Hiring,Linkedin,Senior Product Manager Smb Hiring,,overview,,"This role requires someone who approaches problems strategically and analytically, moves fast to learn and iterate, and is highly motivated to hit an ambitious revenue goal."
linkedin_senior_product_manager_smb_hiring_4391898121__overview__008,linkedin_senior_product_manager_smb_hiring_4391898121,Linkedin Senior Product Manager Smb Hiring,Linkedin,Senior Product Manager Smb Hiring,,overview,,"This role will define and scale the product strategy and roadmap, new growth funnels, and experimentation programs to convert prospects into paying customers."
linkedin_senior_product_manager_smb_hiring_4391898121__role__009,linkedin_senior_product_manager_smb_hiring_4391898121,Linkedin Senior Product Manager Smb Hiring,Linkedin,Senior Product Manager Smb Hiring,,role,,Partner closely with our LOBs to help improve both member and customer outcomes
linkedin_senior_product_manager_smb_hiring_4391898121__role__010,linkedin_senior_product_manager_smb_hiring_4391898121,Linkedin Senior Product Manager Smb Hiring,Linkedin,Senior Product Manager Smb Hiring,,role,,"Build user experiences that integrate naturally within the Feed ecosystem that are valuable, simple and intuitive"
linkedin_senior_product_manager_smb_hiring_4391898121__role__011,linkedin_senior_product_manager_smb_hiring_4391898121,Linkedin Senior Product Manager Smb Hiring,Linkedin,Senior Product Manager Smb Hiring,,role,,Make data-driven decisions on how best to solve member and customer challenges by pulling and analyzing data from multiple sources
linkedin_senior_product_manager_smb_hiring_4391898121__role__012,linkedin_senior_product_manager_smb_hiring_4391898121,Linkedin Senior Product Manager Smb Hiring,Linkedin,Senior Product Manager Smb Hiring,,role,,"Drive product strategy, planning, and detailed product requirements to solve these problems and create value for customers"
linkedin_senior_product_manager_smb_hiring_4391898121__role__013,linkedin_senior_product_manager_smb_hiring_4391898121,Linkedin Senior Product Manager Smb Hiring,Linkedin,Senior Product Manager Smb Hiring,,role,,Generate buy-in and excitement with key stakeholders and executives across LinkedIn
linkedin_senior_product_manager_smb_hiring_4391898121__role__014,linkedin_senior_product_manager_smb_hiring_4391898121,Linkedin Senior Product Manager Smb Hiring,Linkedin,Senior Product Manager Smb Hiring,,role,,"Contribute toward a team culture focused on high velocity decision making, deep care, and learning"
linkedin_senior_product_manager_smb_hiring_4391898121__role__015,linkedin_senior_product_manager_smb_hiring_4391898121,Linkedin Senior Product Manager Smb Hiring,Linkedin,Senior Product Manager Smb Hiring,,role,,"Define product metrics, objectives, and key results to help guide and measure the success of initiatives and ramps"
linkedin_senior_product_manager_smb_hiring_4391898121__requirement__016,linkedin_senior_product_manager_smb_hiring_4391898121,Linkedin Senior Product Manager Smb Hiring,Linkedin,Senior Product Manager Smb Hiring,,requirement,,7+ years of experience in a product management or equivalent role.
linkedin_senior_product_manager_smb_hiring_4391898121__requirement__017,linkedin_senior_product_manager_smb_hiring_4391898121,Linkedin Senior Product Manager Smb Hiring,Linkedin,Senior Product Manager Smb Hiring,,requirement,,Bachelor’s degree in technology or equivalent experience.
linkedin_senior_product_manager_smb_hiring_4391898121__requirement__018,linkedin_senior_product_manager_smb_hiring_4391898121,Linkedin Senior Product Manager Smb Hiring,Linkedin,Senior Product Manager Smb Hiring,,requirement,,MS degree in a technology-related field
linkedin_senior_product_manager_smb_hiring_4391898121__requirement__019,linkedin_senior_product_manager_smb_hiring_4391898121,Linkedin Senior Product Manager Smb Hiring,Linkedin,Senior Product Manager Smb Hiring,,requirement,,"Experience in consumer product and consumer monetization, specifically ads-based and subscription business models"
linkedin_senior_product_manager_smb_hiring_4391898121__requirement__020,linkedin_senior_product_manager_smb_hiring_4391898121,Linkedin Senior Product Manager Smb Hiring,Linkedin,Senior Product Manager Smb Hiring,,requirement,,"Experience building web/mobile consumer products with a demonstrated ability to drive product planning, development and launch"
linkedin_senior_product_manager_smb_hiring_4391898121__requirement__021,linkedin_senior_product_manager_smb_hiring_4391898121,Linkedin Senior Product Manager Smb Hiring,Linkedin,Senior Product Manager Smb Hiring,,requirement,,Ability to manage and lead across highly cross-functional teams
linkedin_senior_product_manager_smb_hiring_4391898121__requirement__022,linkedin_senior_product_manager_smb_hiring_4391898121,Linkedin Senior Product Manager Smb Hiring,Linkedin,Senior Product Manager Smb Hiring,,requirement,,Ability to communicate findings clearly to both technical and non-technical audiences
linkedin_senior_product_manager_smb_hiring_4391898121__requirement__023,linkedin_senior_product_manager_smb_hiring_4391898121,Linkedin Senior Product Manager Smb Hiring,Linkedin,Senior Product Manager Smb Hiring,,requirement,,Consumer Monetization and Pricing
linkedin_senior_product_manager_smb_hiring_4391898121__requirement__024,linkedin_senior_product_manager_smb_hiring_4391898121,Linkedin Senior Product Manager Smb Hiring,Linkedin,Senior Product Manager Smb Hiring,,requirement,,LinkedIn is committed to fair and equitable compensation practices.
linkedin_senior_product_manager_smb_hiring_4391898121__requirement__025,linkedin_senior_product_manager_smb_hiring_4391898121,Linkedin Senior Product Manager Smb Hiring,Linkedin,Senior Product Manager Smb Hiring,,requirement,,"Actual compensation packages are based on several factors that are unique to each candidate, including but not limited to skill set, depth of experience, certifications, and specific work location."
linkedin_senior_product_manager_smb_hiring_4391898121__requirement__026,linkedin_senior_product_manager_smb_hiring_4391898121,Linkedin Senior Product Manager Smb Hiring,Linkedin,Senior Product Manager Smb Hiring,,requirement,,This may be different in other locations due to differences in the cost of labor.
samsara_senior_product_manager_growth_4383046364__overview__001,samsara_senior_product_manager_growth_4383046364,Samsara Senior Product Manager Growth,Samsara,Senior Product Manager Growth,,overview,,"Samsara (NYSE: IOT) is the pioneer of the Connected Operations™ Cloud, which is a platform that enables organizations that depend on physical operations to harness Internet of Things (IoT) data to develop actionable insights and improve their operations."
samsara_senior_product_manager_growth_4383046364__overview__002,samsara_senior_product_manager_growth_4383046364,Samsara Senior Product Manager Growth,Samsara,Senior Product Manager Growth,,overview,,"At Samsara, we are helping improve the safety, efficiency and sustainability of the physical operations that power our global economy."
samsara_senior_product_manager_growth_4383046364__overview__003,samsara_senior_product_manager_growth_4383046364,Samsara Senior Product Manager Growth,Samsara,Senior Product Manager Growth,,overview,,"Representing more than 40% of global GDP, these industries are the infrastructure of our planet, including agriculture, construction, field services, transportation, and manufacturing — and we are excited to help digitally transform their operations at scale."
samsara_senior_product_manager_growth_4383046364__overview__004,samsara_senior_product_manager_growth_4383046364,Samsara Senior Product Manager Growth,Samsara,Senior Product Manager Growth,,overview,,"Working at Samsara means you’ll help define the future of physical operations and be on a team that’s shaping an exciting array of product solutions, including Video-Based Safety, Vehicle Telematics, Apps and Driver Workflows, and Equipment Monitoring."
samsara_senior_product_manager_growth_4383046364__overview__005,samsara_senior_product_manager_growth_4383046364,Samsara Senior Product Manager Growth,Samsara,Senior Product Manager Growth,,overview,,"As part of a recently public company, you’ll have the autonomy and support to make an impact as we build for the long term."
samsara_senior_product_manager_growth_4383046364__overview__006,samsara_senior_product_manager_growth_4383046364,Samsara Senior Product Manager Growth,Samsara,Senior Product Manager Growth,,overview,,"The Growth team is looking for a Senior Product Manager to help grow Samsara’s revenue by scaling our product-led, self-serve experiences across the customer lifecycle — from trial through purchase, expansion, and renewals."
samsara_senior_product_manager_growth_4383046364__overview__007,samsara_senior_product_manager_growth_4383046364,Samsara Senior Product Manager Growth,Samsara,Senior Product Manager Growth,,overview,,"In this role, you will partner closely with engineering, design, sales, marketing, finance, and go-to-market teams to build intuitive experiences that help customers discover value, transact seamlessly, and continue to grow with Samsara over time."
samsara_senior_product_manager_growth_4383046364__overview__008,samsara_senior_product_manager_growth_4383046364,Samsara Senior Product Manager Growth,Samsara,Senior Product Manager Growth,,overview,,"This role is a great fit if you’re passionate about growing businesses through great product experiences, enjoy working across complex systems, and thrive in environments where data, experimentation, and customer empathy guide decision-making."
samsara_senior_product_manager_growth_4383046364__overview__009,samsara_senior_product_manager_growth_4383046364,Samsara Senior Product Manager Growth,Samsara,Senior Product Manager Growth,,overview,,This role is a remote based role in the United States.
samsara_senior_product_manager_growth_4383046364__overview__010,samsara_senior_product_manager_growth_4383046364,Samsara Senior Product Manager Growth,Samsara,Senior Product Manager Growth,,overview,,"You are the architect of your own career: If you put in the work, this role won’t be your last at Samsara."
samsara_senior_product_manager_growth_4383046364__overview__011,samsara_senior_product_manager_growth_4383046364,Samsara Senior Product Manager Growth,Samsara,Senior Product Manager Growth,,overview,,"We set up our employees for success and have built a culture that encourages rapid career development, countless opportunities to experiment and master your craft in a hyper-growth environment."
samsara_senior_product_manager_growth_4383046364__overview__012,samsara_senior_product_manager_growth_4383046364,Samsara Senior Product Manager Growth,Samsara,Senior Product Manager Growth,,overview,,"You’re energized by our opportunity: The vision we have to digitize large sectors of the global economy requires your full focus and best efforts to bring forth creative, ambitious ideas for our customers."
samsara_senior_product_manager_growth_4383046364__overview__013,samsara_senior_product_manager_growth_4383046364,Samsara Senior Product Manager Growth,Samsara,Senior Product Manager Growth,,overview,,"You want to be with the best: At Samsara, we win together, celebrate together, and support each other."
samsara_senior_product_manager_growth_4383046364__role__014,samsara_senior_product_manager_growth_4383046364,Samsara Senior Product Manager Growth,Samsara,Senior Product Manager Growth,,role,,"Define and own the strategy and roadmap for product-led, self-serve growth across key lifecycle stages, including trials, purchase, expansion, and renewals."
samsara_senior_product_manager_growth_4383046364__role__015,samsara_senior_product_manager_growth_4383046364,Samsara Senior Product Manager Growth,Samsara,Senior Product Manager Growth,,role,,"Research customer needs, business goals, market dynamics, and product usage data to identify high-impact opportunities and prioritize investments."
samsara_senior_product_manager_growth_4383046364__role__016,samsara_senior_product_manager_growth_4383046364,Samsara Senior Product Manager Growth,Samsara,Senior Product Manager Growth,,role,,"Own delivery end-to-end, from discovery and definition through launch, iteration, and measurement."
samsara_senior_product_manager_growth_4383046364__role__017,samsara_senior_product_manager_growth_4383046364,Samsara Senior Product Manager Growth,Samsara,Senior Product Manager Growth,,role,,"Partner deeply with cross-functional teams across Engineering, Design, Sales, Marketing, Finance, Business Technology, and other GTM teams to align on goals, requirements, and execution."
samsara_senior_product_manager_growth_4383046364__role__018,samsara_senior_product_manager_growth_4383046364,Samsara Senior Product Manager Growth,Samsara,Senior Product Manager Growth,,role,,"Work closely with engineering and design to build intuitive, scalable self-serve experiences that reduce friction and accelerate time-to-value."
samsara_senior_product_manager_growth_4383046364__role__019,samsara_senior_product_manager_growth_4383046364,Samsara Senior Product Manager Growth,Samsara,Senior Product Manager Growth,,role,,"Integrate experimentation into the product development process, developing and running A/B tests and other experiments to improve conversion, adoption, retention, and revenue."
samsara_senior_product_manager_growth_4383046364__role__020,samsara_senior_product_manager_growth_4383046364,Samsara Senior Product Manager Growth,Samsara,Senior Product Manager Growth,,role,,"Define and track success metrics for self-serve and product-led growth initiatives, using data to evaluate impact and guide trade-offs."
samsara_senior_product_manager_growth_4383046364__role__021,samsara_senior_product_manager_growth_4383046364,Samsara Senior Product Manager Growth,Samsara,Senior Product Manager Growth,,role,,"Contribute to the evolution of Growth Product Management at Samsara, sharing best practices and helping scale effective growth processes."
samsara_senior_product_manager_growth_4383046364__role__022,samsara_senior_product_manager_growth_4383046364,Samsara Senior Product Manager Growth,Samsara,Senior Product Manager Growth,,role,,"Champion and model Samsara’s cultural principles — Focus on Customer Success, Build for the Long Term, Adopt a Growth Mindset, Be Inclusive, and Win as a Team."
samsara_senior_product_manager_growth_4383046364__requirement__023,samsara_senior_product_manager_growth_4383046364,Samsara Senior Product Manager Growth,Samsara,Senior Product Manager Growth,,requirement,,Bachelor’s degree in a technical field or equivalent practical experience.
samsara_senior_product_manager_growth_4383046364__requirement__024,samsara_senior_product_manager_growth_4383046364,Samsara Senior Product Manager Growth,Samsara,Senior Product Manager Growth,,requirement,,6+ years of experience in customer-facing product management.
samsara_senior_product_manager_growth_4383046364__requirement__025,samsara_senior_product_manager_growth_4383046364,Samsara Senior Product Manager Growth,Samsara,Senior Product Manager Growth,,requirement,,"Proven ability to independently synthesize customer insights, data, and business needs into a clear product strategy and roadmap."
samsara_senior_product_manager_growth_4383046364__requirement__026,samsara_senior_product_manager_growth_4383046364,Samsara Senior Product Manager Growth,Samsara,Senior Product Manager Growth,,requirement,,Experience leading cross-functional initiatives end-to-end to ship products or features.
samsara_senior_product_manager_growth_4383046364__requirement__027,samsara_senior_product_manager_growth_4383046364,Samsara Senior Product Manager Growth,Samsara,Senior Product Manager Growth,,requirement,,"Strong project management and organizational skills, with attention to detail."
samsara_senior_product_manager_growth_4383046364__requirement__028,samsara_senior_product_manager_growth_4383046364,Samsara Senior Product Manager Growth,Samsara,Senior Product Manager Growth,,requirement,,"Strong product instincts and a keen eye for best-in-class user experiences, with the ability to simplify complex workflows."
samsara_senior_product_manager_growth_4383046364__requirement__029,samsara_senior_product_manager_growth_4383046364,Samsara Senior Product Manager Growth,Samsara,Senior Product Manager Growth,,requirement,,Solid analytical skills and comfort working with product and business metrics.
samsara_senior_product_manager_growth_4383046364__requirement__030,samsara_senior_product_manager_growth_4383046364,Samsara Senior Product Manager Growth,Samsara,Senior Product Manager Growth,,requirement,,"Excellent communication skills, including the ability to clearly influence stakeholders and executives."
samsara_senior_product_manager_growth_4383046364__requirement__031,samsara_senior_product_manager_growth_4383046364,Samsara Senior Product Manager Growth,Samsara,Senior Product Manager Growth,,requirement,,Bias toward action and comfort operating hands-on in ambiguous problem spaces.
samsara_senior_product_manager_growth_4383046364__preferred__032,samsara_senior_product_manager_growth_4383046364,Samsara Senior Product Manager Growth,Samsara,Senior Product Manager Growth,,preferred,,"Experience in growth, product-led growth (PLG), or self-serve product management in B2B SaaS."
samsara_senior_product_manager_growth_4383046364__preferred__033,samsara_senior_product_manager_growth_4383046364,Samsara Senior Product Manager Growth,Samsara,Senior Product Manager Growth,,preferred,,"Experience owning or optimizing trial, purchase, or renewal experiences."
samsara_senior_product_manager_growth_4383046364__preferred__034,samsara_senior_product_manager_growth_4383046364,Samsara Senior Product Manager Growth,Samsara,Senior Product Manager Growth,,preferred,,"Hands-on experience running experiments (A/B tests, funnel optimization, cohort analysis) to improve product and business outcomes."
samsara_senior_product_manager_growth_4383046364__requirement__035,samsara_senior_product_manager_growth_4383046364,Samsara Senior Product Manager Growth,Samsara,Senior Product Manager Growth,,requirement,,Familiarity with B2B sales motions and how self-serve and sales-assisted experiences work together.
samsara_senior_product_manager_growth_4383046364__requirement__036,samsara_senior_product_manager_growth_4383046364,Samsara Senior Product Manager Growth,Samsara,Senior Product Manager Growth,,requirement,,MBA or Master’s degree in a technical or business field.
samsara_senior_product_manager_growth_4383046364__preferred__037,samsara_senior_product_manager_growth_4383046364,Samsara Senior Product Manager Growth,Samsara,Senior Product Manager Growth,,preferred,,"Please note that base pay offered may vary depending on factors including your city of residence, job-related knowledge, skills, and experience."
samsara_senior_product_manager_growth_4383046364__preferred__038,samsara_senior_product_manager_growth_4383046364,Samsara Senior Product Manager Growth,Samsara,Senior Product Manager Growth,,preferred,,"This role is also eligible for an initial RSU grant with no vesting cliff, and ongoing refresh opportunities tied to performance, subject to plan terms and conditions."
etsy_senior_product_manager_4340745782__overview__001,etsy_senior_product_manager_4340745782,Etsy Senior Product Manager,Etsy,Senior Product Manager,,overview,,Etsy is the global marketplace for unique and creative goods.
etsy_senior_product_manager_4340745782__overview__002,etsy_senior_product_manager_4340745782,Etsy Senior Product Manager,Etsy,Senior Product Manager,,overview,,"We build, power, and evolve the tools and technologies that connect millions of entrepreneurs with millions of buyers around the world."
etsy_senior_product_manager_4340745782__overview__003,etsy_senior_product_manager_4340745782,Etsy Senior Product Manager,Etsy,Senior Product Manager,,overview,,"MLE builds the tools, platforms and developer experiences that power every machine learning system at Etsy enabling hundreds of scientists and engineers to train, evaluate and deploy models that deliver value."
etsy_senior_product_manager_4340745782__overview__004,etsy_senior_product_manager_4340745782,Etsy Senior Product Manager,Etsy,Senior Product Manager,,overview,,"As a Senior PM on this team, you’ll help build the next generation of Etsy’s"
etsy_senior_product_manager_4340745782__overview__005,etsy_senior_product_manager_4340745782,Etsy Senior Product Manager,Etsy,Senior Product Manager,,overview,,"enabling faster ML developer velocity, improved reliability and more cohesive developer experience ensuring our platform investments deliver measurable impact for ML practitioners."
etsy_senior_product_manager_4340745782__overview__006,etsy_senior_product_manager_4340745782,Etsy Senior Product Manager,Etsy,Senior Product Manager,,overview,,"For this role, we are considering candidates based in the United States."
etsy_senior_product_manager_4340745782__overview__007,etsy_senior_product_manager_4340745782,Etsy Senior Product Manager,Etsy,Senior Product Manager,,overview,,initiative owns the systems and infrastructure that support the ML ecosystem end-to-end. Teams within MLE focus on:
etsy_senior_product_manager_4340745782__overview__008,etsy_senior_product_manager_4340745782,Etsy Senior Product Manager,Etsy,Senior Product Manager,,overview,,"Feature and embeddings infrastructure: Delivering reliable, consistent, high-quality features and embedding data for training and serving ML models."
etsy_senior_product_manager_4340745782__overview__009,etsy_senior_product_manager_4340745782,Etsy Senior Product Manager,Etsy,Senior Product Manager,,overview,,Model development and training: Building standardized model development and training workflows that enable fast iteration for ML practitioners.
etsy_senior_product_manager_4340745782__overview__010,etsy_senior_product_manager_4340745782,Etsy Senior Product Manager,Etsy,Senior Product Manager,,overview,,Orchestration and integration testing: Streamlining orchestration across our different systems with fast reliable offline evaluation and model deployment to improve velocity.
etsy_senior_product_manager_4340745782__overview__011,etsy_senior_product_manager_4340745782,Etsy Senior Product Manager,Etsy,Senior Product Manager,,overview,,This role will flex across these problem spaces depending on business needs giving you the opportunity to define strategy and deliver impact across multiple high-leverage areas.
etsy_senior_product_manager_4340745782__role__012,etsy_senior_product_manager_4340745782,Etsy Senior Product Manager,Etsy,Senior Product Manager,,role,,"Product Strategy: Define the strategy and roadmap for a cohesive ML development experience at Etsy, ensuring consistency across data, training, eval and serving using insights from our ML product teams, competitive analysis and advancements in ML to prioritize most impactful investments."
etsy_senior_product_manager_4340745782__role__013,etsy_senior_product_manager_4340745782,Etsy Senior Product Manager,Etsy,Senior Product Manager,,role,,Drive semi-annual roadmap planning for your squad translating it to quarterly objectives and key results.
etsy_senior_product_manager_4340745782__role__014,etsy_senior_product_manager_4340745782,Etsy Senior Product Manager,Etsy,Senior Product Manager,,role,,Product Execution: Drive operational excellence through biweekly sprint execution collaborating with engineers to iterate on our ML systems to simplify ML workflows and reduce friction in model development and deployment
etsy_senior_product_manager_4340745782__role__015,etsy_senior_product_manager_4340745782,Etsy Senior Product Manager,Etsy,Senior Product Manager,,role,,work closely with product teams to validate and measure success.
etsy_senior_product_manager_4340745782__role__016,etsy_senior_product_manager_4340745782,Etsy Senior Product Manager,Etsy,Senior Product Manager,,role,,Product Collaboration: Collaborate with ML product teams to understand their problems and prioritize platform investments that maximize impact.
etsy_senior_product_manager_4340745782__role__017,etsy_senior_product_manager_4340745782,Etsy Senior Product Manager,Etsy,Senior Product Manager,,role,,Quality Craft: Translate technical opportunities into clear customer outcomes and measurable platform success metrics which translate to business metrics.
etsy_senior_product_manager_4340745782__role__018,etsy_senior_product_manager_4340745782,Etsy Senior Product Manager,Etsy,Senior Product Manager,,role,,"Product Leadership: Represent ML Enablement in cross-org planning with teams in Search, Ads, Recs, Growth and Data Enablement."
etsy_senior_product_manager_4340745782__role__019,etsy_senior_product_manager_4340745782,Etsy Senior Product Manager,Etsy,Senior Product Manager,,role,,"Of course, this is just a sample of the kinds of work this role will require!"
etsy_senior_product_manager_4340745782__role__020,etsy_senior_product_manager_4340745782,Etsy Senior Product Manager,Etsy,Senior Product Manager,,role,,"You should assume that your role will encompass other tasks, too, and that your job duties and responsibilities may change from time to time at Etsy's discretion, or otherwise applicable with local law."
etsy_senior_product_manager_4340745782__requirement__021,etsy_senior_product_manager_4340745782,Etsy Senior Product Manager,Etsy,Senior Product Manager,,requirement,,"Technical fluency and 3+ years of product management experience, with at least 1-2 years in ML, data or infrastructure-focused platform product teams (e.g. model training and inferencing, feature stores, model eval, orchestration frameworks)."
etsy_senior_product_manager_4340745782__requirement__022,etsy_senior_product_manager_4340745782,Etsy Senior Product Manager,Etsy,Senior Product Manager,,requirement,,"Proven track record of working effectively with engineering in defining strategy and drive execution in complex, cross-functional technical spaces where customer empathy is more nuanced (i.e. internal ML practitioners vs end-users)."
etsy_senior_product_manager_4340745782__requirement__023,etsy_senior_product_manager_4340745782,Etsy Senior Product Manager,Etsy,Senior Product Manager,,requirement,,"Strong communication and collaboration skills to align stakeholders across engineering, machine learning and infrastructure teams."
etsy_senior_product_manager_4340745782__requirement__024,etsy_senior_product_manager_4340745782,Etsy Senior Product Manager,Etsy,Senior Product Manager,,requirement,,"Comfort navigating ambiguity and change in a dynamic, evolving organizational context."
etsy_senior_product_manager_4340745782__requirement__025,etsy_senior_product_manager_4340745782,Etsy Senior Product Manager,Etsy,Senior Product Manager,,requirement,,Strong bias for action and impact: A proactive demeanor with a passion for creative problem solving.
etsy_senior_product_manager_4340745782__requirement__026,etsy_senior_product_manager_4340745782,Etsy Senior Product Manager,Etsy,Senior Product Manager,,requirement,,Comfortable navigating ambiguity while maintaining focus on delivering results that matter to buyers and the business.
medallion_senior_product_manager_4385371739__overview__001,medallion_senior_product_manager_4385371739,Medallion Senior Product Manager,Medallion,Senior Product Manager,,overview,,That’s why we’ve built a leading provider operations platform to eliminate the administrative bottlenecks that slow healthcare organizations down.
medallion_senior_product_manager_4385371739__overview__002,medallion_senior_product_manager_4385371739,Medallion Senior Product Manager,Medallion,Senior Product Manager,,overview,,"By automating licensing, credentialing, payer enrollment, and compliance monitoring, Medallion empowers healthcare operations teams to streamline their workflows, improve provider satisfaction, and accelerate revenue generation, all while ensuring superior patient outcomes."
medallion_senior_product_manager_4385371739__overview__003,medallion_senior_product_manager_4385371739,Medallion Senior Product Manager,Medallion,Senior Product Manager,,overview,,As one of the fastest-growing healthcare technology companies—ranked No.
medallion_senior_product_manager_4385371739__overview__004,medallion_senior_product_manager_4385371739,Medallion Senior Product Manager,Medallion,Senior Product Manager,,overview,,"5 on LinkedIn's 2024 Top Startups in the US, a Glassdoor Best Place to Work in 2024 & 2025, and featured on The Today Show—Medallion is revolutionizing provider network management."
medallion_senior_product_manager_4385371739__overview__005,medallion_senior_product_manager_4385371739,Medallion Senior Product Manager,Medallion,Senior Product Manager,,overview,,"Our CEO, Derek Lo, has been named one of the Top 50 Healthcare Technology CEOs of 2024 by The Healthcare Technology Report."
medallion_senior_product_manager_4385371739__overview__006,medallion_senior_product_manager_4385371739,Medallion Senior Product Manager,Medallion,Senior Product Manager,,overview,,"Underpinning our largest products are powerful internal tools, integrations, automations, and AI that dramatically impact the speed, reliability, and efficiency of these processes."
medallion_senior_product_manager_4385371739__overview__007,medallion_senior_product_manager_4385371739,Medallion Senior Product Manager,Medallion,Senior Product Manager,,overview,,You will own the strategy and development of a portfolio of Medallion’s products.
medallion_senior_product_manager_4385371739__requirement__008,medallion_senior_product_manager_4385371739,Medallion Senior Product Manager,Medallion,Senior Product Manager,,requirement,,"This base compensation for this role may land between $160,000-$200,000."
medallion_senior_product_manager_4385371739__requirement__009,medallion_senior_product_manager_4385371739,Medallion Senior Product Manager,Medallion,Senior Product Manager,,requirement,,"Many factors are considered when determining pay including: market data, geographic location, skills, qualifications, experience, and level."
medallion_senior_product_manager_4385371739__role__010,medallion_senior_product_manager_4385371739,Medallion Senior Product Manager,Medallion,Senior Product Manager,,role,,Ownership: Own the strategy and roadmap for a portfolio of Medallion’s customer applications
medallion_senior_product_manager_4385371739__role__011,medallion_senior_product_manager_4385371739,Medallion Senior Product Manager,Medallion,Senior Product Manager,,role,,Strategy: Develop and maintain a 6-12 month roadmap with active input from customers and internal stakeholders
medallion_senior_product_manager_4385371739__role__012,medallion_senior_product_manager_4385371739,Medallion Senior Product Manager,Medallion,Senior Product Manager,,role,,"Execution & impact: Collaborate with engineers, designers, other PMs, and cross-functional partners to ensure the timely execution of new products and features and deliver the business outcomes driving the investment"
medallion_senior_product_manager_4385371739__role__013,medallion_senior_product_manager_4385371739,Medallion Senior Product Manager,Medallion,Senior Product Manager,,role,,Rollout: Work with product marketing and other internal teams to ensure the successful packaging and rollout of new capabilities
medallion_senior_product_manager_4385371739__role__014,medallion_senior_product_manager_4385371739,Medallion Senior Product Manager,Medallion,Senior Product Manager,,role,,Analytics: Develop and refine frameworks for measuring key product and adoption metrics
medallion_senior_product_manager_4385371739__requirement__015,medallion_senior_product_manager_4385371739,Medallion Senior Product Manager,Medallion,Senior Product Manager,,requirement,,Product experience: 5+ years in a Product Management role
medallion_senior_product_manager_4385371739__requirement__016,medallion_senior_product_manager_4385371739,Medallion Senior Product Manager,Medallion,Senior Product Manager,,requirement,,Workflow automation: Experience building products that automate manual workflows
medallion_senior_product_manager_4385371739__requirement__017,medallion_senior_product_manager_4385371739,Medallion Senior Product Manager,Medallion,Senior Product Manager,,requirement,,"Cross-functional partnership: Experience working on a product with significant cross-functional partnership including operations, GTM, and legal/regulatory"
medallion_senior_product_manager_4385371739__preferred__018,medallion_senior_product_manager_4385371739,Medallion Senior Product Manager,Medallion,Senior Product Manager,,preferred,,"Enterprise: Experience in enterprise software product management, especially products with a services and operational component"
medallion_senior_product_manager_4385371739__preferred__019,medallion_senior_product_manager_4385371739,Medallion Senior Product Manager,Medallion,Senior Product Manager,,preferred,,Healthcare: Healthcare domain expertise and experience
medallion_senior_product_manager_4385371739__preferred__020,medallion_senior_product_manager_4385371739,Medallion Senior Product Manager,Medallion,Senior Product Manager,,preferred,,0→1: Experience building and launching net new products
electricities_of_nc_city_of_morganton_electric_lineman_iii_4379309057__overview__001,electricities_of_nc_city_of_morganton_electric_lineman_iii_4379309057,Electricities Of Nc City Of Morganton Electric Lineman Iii,Electricities Of Nc,City Of Morganton Electric Lineman Iii,,overview,,"This position is responsible for performing advanced journey level technical work in the installation, maintenance, and repair of electrical lines."
electricities_of_nc_city_of_morganton_electric_lineman_iii_4379309057__overview__002,electricities_of_nc_city_of_morganton_electric_lineman_iii_4379309057,Electricities Of Nc City Of Morganton Electric Lineman Iii,Electricities Of Nc,City Of Morganton Electric Lineman Iii,,overview,,"This work is differentiated from the lower levels of line work by the variety of more difficult secondary and hot primary high voltage line work and by providing leadership to a crew of workers in assigning and inspecting work, compliance with safety rules and regulations and training other line workers."
electricities_of_nc_city_of_morganton_electric_lineman_iii_4379309057__overview__003,electricities_of_nc_city_of_morganton_electric_lineman_iii_4379309057,Electricities Of Nc City Of Morganton Electric Lineman Iii,Electricities Of Nc,City Of Morganton Electric Lineman Iii,,overview,,both overhead and underground experience is valued.
electricities_of_nc_city_of_morganton_electric_lineman_iii_4379309057__overview__004,electricities_of_nc_city_of_morganton_electric_lineman_iii_4379309057,Electricities Of Nc City Of Morganton Electric Lineman Iii,Electricities Of Nc,City Of Morganton Electric Lineman Iii,,overview,,"Graduation from high school supplemented by training in electrical principles and considerable, progressive experience as an electric line technician."
electricities_of_nc_city_of_morganton_electric_lineman_iii_4379309057__preferred__005,electricities_of_nc_city_of_morganton_electric_lineman_iii_4379309057,Electricities Of Nc City Of Morganton Electric Lineman Iii,Electricities Of Nc,City Of Morganton Electric Lineman Iii,,preferred,,Standard work week is 40 hours plus.
electricities_of_nc_city_of_morganton_electric_lineman_iii_4379309057__preferred__006,electricities_of_nc_city_of_morganton_electric_lineman_iii_4379309057,Electricities Of Nc City Of Morganton Electric Lineman Iii,Electricities Of Nc,City Of Morganton Electric Lineman Iii,,preferred,,Position typically is on “stand by” every five weeks and receives an additional 10 hours’ pay for those weeks plus comp time or overtime for hours actually worked (min 2 hrs. per call).
electricities_of_nc_city_of_morganton_electric_lineman_iii_4379309057__preferred__007,electricities_of_nc_city_of_morganton_electric_lineman_iii_4379309057,Electricities Of Nc City Of Morganton Electric Lineman Iii,Electricities Of Nc,City Of Morganton Electric Lineman Iii,,preferred,,Morganton values and strives for diversity and inclusion in its workforce.
electricities_of_nc_city_of_morganton_electric_lineman_iii_4379309057__preferred__008,electricities_of_nc_city_of_morganton_electric_lineman_iii_4379309057,Electricities Of Nc City Of Morganton Electric Lineman Iii,Electricities Of Nc,City Of Morganton Electric Lineman Iii,,preferred,,Open until Filled.
electricities_of_nc_city_of_morganton_electric_lineman_iii_4379309057__preferred__009,electricities_of_nc_city_of_morganton_electric_lineman_iii_4379309057,Electricities Of Nc City Of Morganton Electric Lineman Iii,Electricities Of Nc,City Of Morganton Electric Lineman Iii,,preferred,,Applications will be reviewed as received.
electricities_of_nc_city_of_morganton_electric_lineman_iii_4379309057__preferred__010,electricities_of_nc_city_of_morganton_electric_lineman_iii_4379309057,Electricities Of Nc City Of Morganton Electric Lineman Iii,Electricities Of Nc,City Of Morganton Electric Lineman Iii,,preferred,,"Applications may be obtained online at www.morgantonnc.gov or at the Human Resources Department, Morganton City Hall, 305 E."
electricities_of_nc_city_of_morganton_electric_lineman_iii_4379309057__preferred__011,electricities_of_nc_city_of_morganton_electric_lineman_iii_4379309057,Electricities Of Nc City Of Morganton Electric Lineman Iii,Electricities Of Nc,City Of Morganton Electric Lineman Iii,,preferred,,"Union Street, Suite A-100, Morganton, NC."
electricities_of_nc_city_of_morganton_electric_lineman_iii_4379309057__preferred__012,electricities_of_nc_city_of_morganton_electric_lineman_iii_4379309057,Electricities Of Nc City Of Morganton Electric Lineman Iii,Electricities Of Nc,City Of Morganton Electric Lineman Iii,,preferred,,Phone (828) 438-5253 EOE
electricities_of_nc_city_of_morganton_electric_lineman_iii_4379309057__overview__013,electricities_of_nc_city_of_morganton_electric_lineman_iii_4379309057,Electricities Of Nc City Of Morganton Electric Lineman Iii,Electricities Of Nc,City Of Morganton Electric Lineman Iii,,overview,,Inspect completed work for quality and compliance.
electricities_of_nc_city_of_morganton_electric_lineman_iii_4379309057__overview__014,electricities_of_nc_city_of_morganton_electric_lineman_iii_4379309057,Electricities Of Nc City Of Morganton Electric Lineman Iii,Electricities Of Nc,City Of Morganton Electric Lineman Iii,,overview,,Ensure compliance with safety rules and regulations.
electricities_of_nc_city_of_morganton_electric_lineman_iii_4379309057__overview__015,electricities_of_nc_city_of_morganton_electric_lineman_iii_4379309057,Electricities Of Nc City Of Morganton Electric Lineman Iii,Electricities Of Nc,City Of Morganton Electric Lineman Iii,,overview,,"Possess considerable, progressive experience as an electric line technician."
electricities_of_nc_city_of_morganton_electric_lineman_iii_4379309057__requirement__016,electricities_of_nc_city_of_morganton_electric_lineman_iii_4379309057,Electricities Of Nc City Of Morganton Electric Lineman Iii,Electricities Of Nc,City Of Morganton Electric Lineman Iii,,requirement,,Experience with both overhead and underground line work is valued.
electricities_of_nc_city_of_morganton_electric_lineman_iii_4379309057__overview__017,electricities_of_nc_city_of_morganton_electric_lineman_iii_4379309057,Electricities Of Nc City Of Morganton Electric Lineman Iii,Electricities Of Nc,City Of Morganton Electric Lineman Iii,,overview,,"Considerable, progressive experience as an electric line technician."
cable_services_company_inc_lineman_trainee_4395468356__overview__001,cable_services_company_inc_lineman_trainee_4395468356,Cable Services Company Inc Lineman Trainee,Cable Services Company Inc,Lineman Trainee,,overview,,"Telecommunications Linemen perform a variety of duties related to the installation, operation, repair, and maintenance of aerial telecommunication cables."
cable_services_company_inc_lineman_trainee_4395468356__requirement__002,cable_services_company_inc_lineman_trainee_4395468356,Cable Services Company Inc Lineman Trainee,Cable Services Company Inc,Lineman Trainee,,requirement,,"Qualified candidates will have a strong work history, willingness to learn, and a displayed aptitude and commitment to the lineworkers field."
cable_services_company_inc_lineman_trainee_4395468356__requirement__003,cable_services_company_inc_lineman_trainee_4395468356,Cable Services Company Inc Lineman Trainee,Cable Services Company Inc,Lineman Trainee,,requirement,,A high school diploma or GED is required.
cable_services_company_inc_lineman_trainee_4395468356__requirement__004,cable_services_company_inc_lineman_trainee_4395468356,Cable Services Company Inc Lineman Trainee,Cable Services Company Inc,Lineman Trainee,,requirement,,"Must be willing to work at heights, work outside in varying weather conditions, work on your feet and with your hands."
cable_services_company_inc_lineman_trainee_4395468356__requirement__005,cable_services_company_inc_lineman_trainee_4395468356,Cable Services Company Inc Lineman Trainee,Cable Services Company Inc,Lineman Trainee,,requirement,,"Successful applicants are subject to pre-employment background, drivers license, and drug screenings."
cable_services_company_inc_lineman_trainee_4395468356__requirement__006,cable_services_company_inc_lineman_trainee_4395468356,Cable Services Company Inc Lineman Trainee,Cable Services Company Inc,Lineman Trainee,,requirement,,Weekly travel is required for this position.
cable_services_company_inc_lineman_trainee_4395468356__overview__007,cable_services_company_inc_lineman_trainee_4395468356,Cable Services Company Inc Lineman Trainee,Cable Services Company Inc,Lineman Trainee,,overview,,Offering an hourly base rate and the potential for increased earnings with production-based performance.
cable_services_company_inc_lineman_trainee_4395468356__requirement__008,cable_services_company_inc_lineman_trainee_4395468356,Cable Services Company Inc Lineman Trainee,Cable Services Company Inc,Lineman Trainee,,requirement,,Please note that only applications from individuals residing in the
cable_services_company_inc_lineman_trainee_4395468356__requirement__009,cable_services_company_inc_lineman_trainee_4395468356,Cable Services Company Inc Lineman Trainee,Cable Services Company Inc,Lineman Trainee,,requirement,,will be considered for this position.
cable_services_company_inc_lineman_trainee_4395468356__requirement__010,cable_services_company_inc_lineman_trainee_4395468356,Cable Services Company Inc Lineman Trainee,Cable Services Company Inc,Lineman Trainee,,requirement,,We appreciate your understanding and thank all applicants for their interest.
greenstone_electrical_services_b_lineman_overhead_4304154612__requirement__001,greenstone_electrical_services_b_lineman_overhead_4304154612,Greenstone Electrical Services B Lineman Overhead,Greenstone Electrical Services,B Lineman Overhead,,requirement,,"The Class B Lineman - Overhead is a semi-skilled position in the construction, maintenance and repair of electrical overhead distribution systems."
greenstone_electrical_services_b_lineman_overhead_4304154612__requirement__002,greenstone_electrical_services_b_lineman_overhead_4304154612,Greenstone Electrical Services B Lineman Overhead,Greenstone Electrical Services,B Lineman Overhead,,requirement,,This position works at various locations and may also be required to travel to another state depending on customer demands.
greenstone_electrical_services_b_lineman_overhead_4304154612__overview__003,greenstone_electrical_services_b_lineman_overhead_4304154612,Greenstone Electrical Services B Lineman Overhead,Greenstone Electrical Services,B Lineman Overhead,,overview,,Troubleshoots in primary and secondary systems.
greenstone_electrical_services_b_lineman_overhead_4304154612__overview__004,greenstone_electrical_services_b_lineman_overhead_4304154612,Greenstone Electrical Services B Lineman Overhead,Greenstone Electrical Services,B Lineman Overhead,,overview,,Replaces fuses in transformers and clears faulted circuits and systems.
greenstone_electrical_services_b_lineman_overhead_4304154612__overview__005,greenstone_electrical_services_b_lineman_overhead_4304154612,Greenstone Electrical Services B Lineman Overhead,Greenstone Electrical Services,B Lineman Overhead,,overview,,Frequently works with energized high voltage systems requiring skill and care to protect the lives of themselves and others.
greenstone_electrical_services_b_lineman_overhead_4304154612__requirement__006,greenstone_electrical_services_b_lineman_overhead_4304154612,Greenstone Electrical Services B Lineman Overhead,Greenstone Electrical Services,B Lineman Overhead,,requirement,,Does all other related work as required to complete the job.
greenstone_electrical_services_b_lineman_overhead_4304154612__requirement__007,greenstone_electrical_services_b_lineman_overhead_4304154612,Greenstone Electrical Services B Lineman Overhead,Greenstone Electrical Services,B Lineman Overhead,,requirement,,5-year minimum of recent field experience.
greenstone_electrical_services_b_lineman_overhead_4304154612__requirement__008,greenstone_electrical_services_b_lineman_overhead_4304154612,Greenstone Electrical Services B Lineman Overhead,Greenstone Electrical Services,B Lineman Overhead,,requirement,,Able to read and communicate effectively in English.
greenstone_electrical_services_b_lineman_overhead_4304154612__requirement__009,greenstone_electrical_services_b_lineman_overhead_4304154612,Greenstone Electrical Services B Lineman Overhead,Greenstone Electrical Services,B Lineman Overhead,,requirement,,A Commercial Driver’s License is required
greenstone_electrical_services_b_lineman_overhead_4304154612__requirement__010,greenstone_electrical_services_b_lineman_overhead_4304154612,Greenstone Electrical Services B Lineman Overhead,Greenstone Electrical Services,B Lineman Overhead,,requirement,,or able to obtain CDL-A permit within 60 days of employment.
greenstone_electrical_services_b_lineman_overhead_4304154612__requirement__011,greenstone_electrical_services_b_lineman_overhead_4304154612,Greenstone Electrical Services B Lineman Overhead,Greenstone Electrical Services,B Lineman Overhead,,requirement,,"Able to travel long distances on short notice, when required."
greenstone_electrical_services_b_lineman_overhead_4304154612__requirement__012,greenstone_electrical_services_b_lineman_overhead_4304154612,Greenstone Electrical Services B Lineman Overhead,Greenstone Electrical Services,B Lineman Overhead,,requirement,,"Able to work for extended periods in various locations, when required."
greenstone_electrical_services_b_lineman_overhead_4304154612__requirement__013,greenstone_electrical_services_b_lineman_overhead_4304154612,Greenstone Electrical Services B Lineman Overhead,Greenstone Electrical Services,B Lineman Overhead,,requirement,,Able to lift in excess of 50 lbs.
greenstone_electrical_services_b_lineman_overhead_4304154612__requirement__014,greenstone_electrical_services_b_lineman_overhead_4304154612,Greenstone Electrical Services B Lineman Overhead,Greenstone Electrical Services,B Lineman Overhead,,requirement,,Able to properly inspect rubber goods and PPE.
greenstone_electrical_services_b_lineman_overhead_4304154612__requirement__015,greenstone_electrical_services_b_lineman_overhead_4304154612,Greenstone Electrical Services B Lineman Overhead,Greenstone Electrical Services,B Lineman Overhead,,requirement,,Willing to work over-time when requested.
koman_family_of_companies_grounds_maintenance_worker_umatilla_or_4395471141__preferred__001,koman_family_of_companies_grounds_maintenance_worker_umatilla_or_4395471141,Koman Family Of Companies Grounds Maintenance Worker Umatilla Or,Koman Family Of Companies,Grounds Maintenance Worker Umatilla Or,,preferred,,"The starting pay for this position is $18.76 in Washington and will be based on factors such as experience and location of the job site, plus $5.09 per hour towards health and welfare dollars!"
koman_family_of_companies_grounds_maintenance_worker_umatilla_or_4395471141__requirement__002,koman_family_of_companies_grounds_maintenance_worker_umatilla_or_4395471141,Koman Family Of Companies Grounds Maintenance Worker Umatilla Or,Koman Family Of Companies,Grounds Maintenance Worker Umatilla Or,,requirement,,"Must have 1 year experience in janitorial services, including park maintenance, or related work"
koman_family_of_companies_grounds_maintenance_worker_umatilla_or_4395471141__overview__003,koman_family_of_companies_grounds_maintenance_worker_umatilla_or_4395471141,Koman Family Of Companies Grounds Maintenance Worker Umatilla Or,Koman Family Of Companies,Grounds Maintenance Worker Umatilla Or,,overview,,1 year experience in grounds maintenance or related work
koman_family_of_companies_grounds_maintenance_worker_umatilla_or_4395471141__requirement__004,koman_family_of_companies_grounds_maintenance_worker_umatilla_or_4395471141,Koman Family Of Companies Grounds Maintenance Worker Umatilla Or,Koman Family Of Companies,Grounds Maintenance Worker Umatilla Or,,requirement,,Must have valid driver's license with no offenses
koman_family_of_companies_grounds_maintenance_worker_umatilla_or_4395471141__overview__005,koman_family_of_companies_grounds_maintenance_worker_umatilla_or_4395471141,Koman Family Of Companies Grounds Maintenance Worker Umatilla Or,Koman Family Of Companies,Grounds Maintenance Worker Umatilla Or,,overview,,"Employee may come across wildlife that may pose a threat such as snakes, spiders, coyotes, and ticks."
koman_family_of_companies_grounds_maintenance_worker_umatilla_or_4395471141__requirement__006,koman_family_of_companies_grounds_maintenance_worker_umatilla_or_4395471141,Koman Family Of Companies Grounds Maintenance Worker Umatilla Or,Koman Family Of Companies,Grounds Maintenance Worker Umatilla Or,,requirement,,"While performing the essential functions of this job, the employee is frequently required to stand, walk, sit, kneel, bend, climb, to use hands to finger, handle or feel objects, tools, or controls"
koman_family_of_companies_grounds_maintenance_worker_umatilla_or_4395471141__requirement__007,koman_family_of_companies_grounds_maintenance_worker_umatilla_or_4395471141,Koman Family Of Companies Grounds Maintenance Worker Umatilla Or,Koman Family Of Companies,Grounds Maintenance Worker Umatilla Or,,requirement,,also talk and hear. The employee must be able to lift up to 25 pounds on a frequent basis
koman_family_of_companies_grounds_maintenance_worker_umatilla_or_4395471141__requirement__008,koman_family_of_companies_grounds_maintenance_worker_umatilla_or_4395471141,Koman Family Of Companies Grounds Maintenance Worker Umatilla Or,Koman Family Of Companies,Grounds Maintenance Worker Umatilla Or,,requirement,,lift 25 to 50 pounds on the occasional basis
koman_family_of_companies_grounds_maintenance_worker_umatilla_or_4395471141__requirement__009,koman_family_of_companies_grounds_maintenance_worker_umatilla_or_4395471141,Koman Family Of Companies Grounds Maintenance Worker Umatilla Or,Koman Family Of Companies,Grounds Maintenance Worker Umatilla Or,,requirement,,and lift and/or move 50 to 100 pounds with assistance.
koman_family_of_companies_grounds_maintenance_worker_umatilla_or_4395471141__requirement__010,koman_family_of_companies_grounds_maintenance_worker_umatilla_or_4395471141,Koman Family Of Companies Grounds Maintenance Worker Umatilla Or,Koman Family Of Companies,Grounds Maintenance Worker Umatilla Or,,requirement,,"Specific vision abilities required by this job include close vision, distance vision, peripheral vision, depth perception and the ability to adjust focus."
koman_family_of_companies_grounds_maintenance_worker_umatilla_or_4395471141__requirement__011,koman_family_of_companies_grounds_maintenance_worker_umatilla_or_4395471141,Koman Family Of Companies Grounds Maintenance Worker Umatilla Or,Koman Family Of Companies,Grounds Maintenance Worker Umatilla Or,,requirement,,"As a Federal Contract Employer, KOMAN Families of Companies follows Federal Laws as it pertains to drug testing."
koman_family_of_companies_grounds_maintenance_worker_umatilla_or_4395471141__requirement__012,koman_family_of_companies_grounds_maintenance_worker_umatilla_or_4395471141,Koman Family Of Companies Grounds Maintenance Worker Umatilla Or,Koman Family Of Companies,Grounds Maintenance Worker Umatilla Or,,requirement,,All candidates who receive a written offer of employment will be required to undergo drug testing for commonly abused controlled substances in accordance with Federal Law.
koman_family_of_companies_grounds_maintenance_worker_umatilla_or_4395471141__requirement__013,koman_family_of_companies_grounds_maintenance_worker_umatilla_or_4395471141,Koman Family Of Companies Grounds Maintenance Worker Umatilla Or,Koman Family Of Companies,Grounds Maintenance Worker Umatilla Or,,requirement,,"It is important to note although a State may have legalized a controlled substance, if the controlled substance is illegal per Federal Law, it is then considered to be illegal."
koman_family_of_companies_grounds_maintenance_worker_umatilla_or_4395471141__requirement__014,koman_family_of_companies_grounds_maintenance_worker_umatilla_or_4395471141,Koman Family Of Companies Grounds Maintenance Worker Umatilla Or,Koman Family Of Companies,Grounds Maintenance Worker Umatilla Or,,requirement,,KOMAN Families of Companies is a Drug-Free Workplace.
koman_family_of_companies_grounds_maintenance_worker_umatilla_or_4395471141__requirement__015,koman_family_of_companies_grounds_maintenance_worker_umatilla_or_4395471141,Koman Family Of Companies Grounds Maintenance Worker Umatilla Or,Koman Family Of Companies,Grounds Maintenance Worker Umatilla Or,,requirement,,Successful completion of a background and DMV record check also must be completed prior to hire.
davis_h_elliot_company_inc_distribution_lineman_c_4138900303__overview__001,davis_h_elliot_company_inc_distribution_lineman_c_4138900303,Davis H Elliot Company Inc Distribution Lineman C,Davis H Elliot Company Inc,Distribution Lineman C,,overview,,"This position is managed out of Broken Arrow, OK with work in multiple locations and opportunities throughout Lawton, OK."
davis_h_elliot_company_inc_distribution_lineman_c_4138900303__requirement__002,davis_h_elliot_company_inc_distribution_lineman_c_4138900303,Davis H Elliot Company Inc Distribution Lineman C,Davis H Elliot Company Inc,Distribution Lineman C,,requirement,,Valid Class A CDL license and medical card recommended
davis_h_elliot_company_inc_distribution_lineman_c_4138900303__requirement__003,davis_h_elliot_company_inc_distribution_lineman_c_4138900303,Davis H Elliot Company Inc Distribution Lineman C,Davis H Elliot Company Inc,Distribution Lineman C,,requirement,,1 year of experience required
davis_h_elliot_company_inc_distribution_lineman_c_4138900303__requirement__004,davis_h_elliot_company_inc_distribution_lineman_c_4138900303,Davis H Elliot Company Inc Distribution Lineman C,Davis H Elliot Company Inc,Distribution Lineman C,,requirement,,1-2 years of experience recommended
davis_h_elliot_company_inc_distribution_lineman_c_4138900303__requirement__005,davis_h_elliot_company_inc_distribution_lineman_c_4138900303,Davis H Elliot Company Inc Distribution Lineman C,Davis H Elliot Company Inc,Distribution Lineman C,,requirement,,Own your own hand tools
davis_h_elliot_company_inc_distribution_lineman_c_4138900303__requirement__006,davis_h_elliot_company_inc_distribution_lineman_c_4138900303,Davis H Elliot Company Inc Distribution Lineman C,Davis H Elliot Company Inc,Distribution Lineman C,,requirement,,Intermediate understanding of electrical distribution systems
davis_h_elliot_company_inc_distribution_lineman_c_4138900303__requirement__007,davis_h_elliot_company_inc_distribution_lineman_c_4138900303,Davis H Elliot Company Inc Distribution Lineman C,Davis H Elliot Company Inc,Distribution Lineman C,,requirement,,Must be able to pass a criminal background check and drug screening
davis_h_elliot_company_inc_distribution_lineman_c_4138900303__requirement__008,davis_h_elliot_company_inc_distribution_lineman_c_4138900303,Davis H Elliot Company Inc Distribution Lineman C,Davis H Elliot Company Inc,Distribution Lineman C,,requirement,,"Today, we are listed among Engineering News-Records Top 150 Specialty Contracting firms. Our success is based on our customers' confidence in us"
davis_h_elliot_company_inc_distribution_lineman_c_4138900303__requirement__009,davis_h_elliot_company_inc_distribution_lineman_c_4138900303,Davis H Elliot Company Inc Distribution Lineman C,Davis H Elliot Company Inc,Distribution Lineman C,,requirement,,"the loyalty, hard work and performance of our people"
davis_h_elliot_company_inc_distribution_lineman_c_4138900303__requirement__010,davis_h_elliot_company_inc_distribution_lineman_c_4138900303,Davis H Elliot Company Inc Distribution Lineman C,Davis H Elliot Company Inc,Distribution Lineman C,,requirement,,and the traditions with which Mr.
davis_h_elliot_company_inc_distribution_lineman_c_4138900303__requirement__011,davis_h_elliot_company_inc_distribution_lineman_c_4138900303,Davis H Elliot Company Inc Distribution Lineman C,Davis H Elliot Company Inc,Distribution Lineman C,,requirement,,Elliot began the company in 1946.
davis_h_elliot_company_inc_distribution_lineman_c_4138900303__requirement__012,davis_h_elliot_company_inc_distribution_lineman_c_4138900303,Davis H Elliot Company Inc Distribution Lineman C,Davis H Elliot Company Inc,Distribution Lineman C,,requirement,,We understand that having the best team requires people being treated like family.
davis_h_elliot_company_inc_distribution_lineman_c_4138900303__requirement__013,davis_h_elliot_company_inc_distribution_lineman_c_4138900303,Davis H Elliot Company Inc Distribution Lineman C,Davis H Elliot Company Inc,Distribution Lineman C,,requirement,,Short-Term Disability and Long-Term Disability Insurance
davis_h_elliot_company_inc_distribution_lineman_c_4138900303__requirement__014,davis_h_elliot_company_inc_distribution_lineman_c_4138900303,Davis H Elliot Company Inc Distribution Lineman C,Davis H Elliot Company Inc,Distribution Lineman C,,requirement,,Company Paid Life Insurance w/ additional Voluntary Life Insurance
davis_h_elliot_company_inc_distribution_lineman_c_4138900303__requirement__015,davis_h_elliot_company_inc_distribution_lineman_c_4138900303,Davis H Elliot Company Inc Distribution Lineman C,Davis H Elliot Company Inc,Distribution Lineman C,,requirement,,401K w/ company match
davis_h_elliot_company_inc_distribution_lineman_c_4138900303__requirement__016,davis_h_elliot_company_inc_distribution_lineman_c_4138900303,Davis H Elliot Company Inc Distribution Lineman C,Davis H Elliot Company Inc,Distribution Lineman C,,requirement,,State and Federally accredited Lineman Apprenticeship program
davis_h_elliot_company_inc_distribution_lineman_c_4138900303__requirement__017,davis_h_elliot_company_inc_distribution_lineman_c_4138900303,Davis H Elliot Company Inc Distribution Lineman C,Davis H Elliot Company Inc,Distribution Lineman C,,requirement,,Uniforms and PPE provided
pike_corporation_b_lineman_overhead_aep_4397677298__requirement__001,pike_corporation_b_lineman_overhead_aep_4397677298,Pike Corporation B Lineman Overhead Aep,Pike Corporation,B Lineman Overhead Aep,,requirement,,"The Class B Lineman - Overhead is a semi-skilled position in the construction, maintenance and repair of electrical overhead distribution systems."
pike_corporation_b_lineman_overhead_aep_4397677298__requirement__002,pike_corporation_b_lineman_overhead_aep_4397677298,Pike Corporation B Lineman Overhead Aep,Pike Corporation,B Lineman Overhead Aep,,requirement,,This position works at various locations and may also be required to travel to another state depending on customer demands.
pike_corporation_b_lineman_overhead_aep_4397677298__overview__003,pike_corporation_b_lineman_overhead_aep_4397677298,Pike Corporation B Lineman Overhead Aep,Pike Corporation,B Lineman Overhead Aep,,overview,,Troubleshoots in primary and secondary systems.
pike_corporation_b_lineman_overhead_aep_4397677298__overview__004,pike_corporation_b_lineman_overhead_aep_4397677298,Pike Corporation B Lineman Overhead Aep,Pike Corporation,B Lineman Overhead Aep,,overview,,Replaces fuses in transformers and clears faulted circuits and systems.
pike_corporation_b_lineman_overhead_aep_4397677298__overview__005,pike_corporation_b_lineman_overhead_aep_4397677298,Pike Corporation B Lineman Overhead Aep,Pike Corporation,B Lineman Overhead Aep,,overview,,Frequently works with energized high voltage systems requiring skill and care to protect the lives of themselves and others.
pike_corporation_b_lineman_overhead_aep_4397677298__requirement__006,pike_corporation_b_lineman_overhead_aep_4397677298,Pike Corporation B Lineman Overhead Aep,Pike Corporation,B Lineman Overhead Aep,,requirement,,Does all other related work as required to complete the job.
pike_corporation_b_lineman_overhead_aep_4397677298__requirement__007,pike_corporation_b_lineman_overhead_aep_4397677298,Pike Corporation B Lineman Overhead Aep,Pike Corporation,B Lineman Overhead Aep,,requirement,,5-year minimum of recent field experience.
pike_corporation_b_lineman_overhead_aep_4397677298__requirement__008,pike_corporation_b_lineman_overhead_aep_4397677298,Pike Corporation B Lineman Overhead Aep,Pike Corporation,B Lineman Overhead Aep,,requirement,,Able to read and communicate effectively in English.
pike_corporation_b_lineman_overhead_aep_4397677298__requirement__009,pike_corporation_b_lineman_overhead_aep_4397677298,Pike Corporation B Lineman Overhead Aep,Pike Corporation,B Lineman Overhead Aep,,requirement,,Able to obtain a Commercial Driver’s License permit within 60 days of employment.
pike_corporation_b_lineman_overhead_aep_4397677298__preferred__010,pike_corporation_b_lineman_overhead_aep_4397677298,Pike Corporation B Lineman Overhead Aep,Pike Corporation,B Lineman Overhead Aep,,preferred,,A Commercial Driver’s License is preferred.
pike_corporation_b_lineman_overhead_aep_4397677298__requirement__011,pike_corporation_b_lineman_overhead_aep_4397677298,Pike Corporation B Lineman Overhead Aep,Pike Corporation,B Lineman Overhead Aep,,requirement,,"Able to travel long distances on short notice, when required."
pike_corporation_b_lineman_overhead_aep_4397677298__requirement__012,pike_corporation_b_lineman_overhead_aep_4397677298,Pike Corporation B Lineman Overhead Aep,Pike Corporation,B Lineman Overhead Aep,,requirement,,"Able to work for extended periods in various locations, when required."
pike_corporation_b_lineman_overhead_aep_4397677298__requirement__013,pike_corporation_b_lineman_overhead_aep_4397677298,Pike Corporation B Lineman Overhead Aep,Pike Corporation,B Lineman Overhead Aep,,requirement,,Able to lift in excess of 50 lbs.
pike_corporation_b_lineman_overhead_aep_4397677298__requirement__014,pike_corporation_b_lineman_overhead_aep_4397677298,Pike Corporation B Lineman Overhead Aep,Pike Corporation,B Lineman Overhead Aep,,requirement,,Able to properly inspect rubber goods and PPE.
pike_corporation_b_lineman_overhead_aep_4397677298__requirement__015,pike_corporation_b_lineman_overhead_aep_4397677298,Pike Corporation B Lineman Overhead Aep,Pike Corporation,B Lineman Overhead Aep,,requirement,,Willing to work over-time when requested.
pike_corporation_b_lineman_overhead_aep_4397677298__requirement__016,pike_corporation_b_lineman_overhead_aep_4397677298,Pike Corporation B Lineman Overhead Aep,Pike Corporation,B Lineman Overhead Aep,,requirement,,"Willing to work outside of the normal work schedule including weekends, holidays, and overtime as required for the position."
pike_corporation_b_lineman_overhead_aep_4397677298__requirement__017,pike_corporation_b_lineman_overhead_aep_4397677298,Pike Corporation B Lineman Overhead Aep,Pike Corporation,B Lineman Overhead Aep,,requirement,,The physical demands described here are representative of those that must be met by an employee to successfully perform the essential functions of this job.
pike_corporation_b_lineman_overhead_aep_4397677298__requirement__018,pike_corporation_b_lineman_overhead_aep_4397677298,Pike Corporation B Lineman Overhead Aep,Pike Corporation,B Lineman Overhead Aep,,requirement,,"While performing the duties of this job, the employee is regularly required to talk or hear. The employee is frequently required to stand"
pike_corporation_b_lineman_overhead_aep_4397677298__requirement__019,pike_corporation_b_lineman_overhead_aep_4397677298,Pike Corporation B Lineman Overhead Aep,Pike Corporation,B Lineman Overhead Aep,,requirement,,"use hands to fingers, handle, and feel"
pike_corporation_b_lineman_overhead_aep_4397677298__requirement__020,pike_corporation_b_lineman_overhead_aep_4397677298,Pike Corporation B Lineman Overhead Aep,Pike Corporation,B Lineman Overhead Aep,,requirement,,and reach with hands and arms.
pike_corporation_b_lineman_overhead_aep_4397677298__requirement__021,pike_corporation_b_lineman_overhead_aep_4397677298,Pike Corporation B Lineman Overhead Aep,Pike Corporation,B Lineman Overhead Aep,,requirement,,"While performing the duties of this job, the employee is frequently exposed to fumes or airborne particles, moving mechanical parts and vibration."
pike_corporation_b_lineman_overhead_aep_4397677298__requirement__022,pike_corporation_b_lineman_overhead_aep_4397677298,Pike Corporation B Lineman Overhead Aep,Pike Corporation,B Lineman Overhead Aep,,requirement,,The employee is occasionally exposed to a variety of extreme conditions at construction job sites.
pike_corporation_b_lineman_overhead_aep_4397677298__requirement__023,pike_corporation_b_lineman_overhead_aep_4397677298,Pike Corporation B Lineman Overhead Aep,Pike Corporation,B Lineman Overhead Aep,,requirement,,The noise level in the work environment and job sites can be loud.
pike_corporation_b_lineman_overhead_aep_4397677298__requirement__024,pike_corporation_b_lineman_overhead_aep_4397677298,Pike Corporation B Lineman Overhead Aep,Pike Corporation,B Lineman Overhead Aep,,requirement,,This position is performed in outside weather conditions.
pike_corporation_b_lineman_overhead_aep_4397677298__requirement__025,pike_corporation_b_lineman_overhead_aep_4397677298,Pike Corporation B Lineman Overhead Aep,Pike Corporation,B Lineman Overhead Aep,,requirement,,Must be able to follow Company safety rules and all other Company policies.
pike_corporation_b_lineman_overhead_aep_4397677298__requirement__026,pike_corporation_b_lineman_overhead_aep_4397677298,Pike Corporation B Lineman Overhead Aep,Pike Corporation,B Lineman Overhead Aep,,requirement,,Pike is a Non-union Company
pike_corporation_b_lineman_overhead_aep_4397677298__requirement__027,pike_corporation_b_lineman_overhead_aep_4397677298,Pike Corporation B Lineman Overhead Aep,Pike Corporation,B Lineman Overhead Aep,,requirement,,This job description is not intended to be all-inclusive.
pike_corporation_b_lineman_overhead_aep_4397677298__requirement__028,pike_corporation_b_lineman_overhead_aep_4397677298,Pike Corporation B Lineman Overhead Aep,Pike Corporation,B Lineman Overhead Aep,,requirement,,Employee may perform other related duties as required to meet the ongoing needs of the organization.